Workbook

Sheet ReadMe
A1: Australia Post Commercial Postcode File → Excel (February 2026)
A3: How to use
A4: • Go to the Postcodes sheet and use the filter arrows to search by Place, State, Postcode, or Category.
A5: • Category shows the AusPost classification: "Delivery Area", "Post Office Boxes", or "LVR" (Large Volume Receiver).
A6: • Comment includes detail notes from the commercial file (e.g. "PO BOXES", "GPO BOXES", council names).
A7: • For single postcode lookups use the Search sheet. For bulk lists use Shipping_Planner.
A9: Source
A10: Australia Post Standard Postcode File (PC001), commercial release dated 18 Feb 2026.
A11: This replaces the earlier PDF-scraped version (September 2025 booklet) with the official commercial data file.
A12: The commercial file provides 2941 unique postcodes and structured Category/Comment fields.
A14: MMM integration (MMM 2023 / POA 2021)
A15: • The Postcodes sheet includes MMM columns joined by Postcode (POA 2021).
... A78: • All formula-driven — no manual entry needed.

Sheet Dashboard
A1: NUAA Postal NSP — Shipping Reference Dashboard
A2: Australia Post Commercial Postcode File (PC001) with MMM 2023 classifications
A3: Version 2.0 | Data: 18 Feb 2026 | Source: AusPost PC001 + DoH MMM 2023 / POA 2021
A5: Coverage Summary
A6: Total unique postcodes | B6: 2941
A7: Total postcode × state combinations | B7: 2957
A8: Postcodes with MMM 2023 (POA concordance) | B8: 2657
A9: Postcodes assigned via PO Box/LVR metro range | B9: 245
A10: Postcodes assigned via nearest neighbour | B10: 55
A11: Shipping_MMM coverage | B11: 100% (2,957 / 2,957)
A13: Postcodes by Shipping Zone
A14: Zone | B14: Zone Name | C14: MMM Categories | D14: Postcodes | E14: % of Total | F14: PO Box-Only in Zone
A15: 1 | B15: Metro | C15: MMM1 | D15: 1167 | E15: 39.7% | F15: 242
A16: 2 | B16: Regional | C16: MMM2–3 | D16: 303 | E16: 10.3% | F16: 27
A17: 3 | B17: Rural | C17: MMM4–5 | D17: 1098 | E17: 37.3% | F17: 19
A18: 4 | B18: Remote | C18: MMM6–7 | D18: 373 | E18: 12.7% | F18: 7
B19: Total | D19: 2941 | E19: 100% | F19: 295
A21: Postcodes by State × Shipping Zone
A22: State | B22: Zone 1 | C22: Zone 2 | D22: Zone 3 | E22: Zone 4 | F22: Total
A23: NSW | B23: 370 | C23: 44 | D23: 269 | E23: 34 | F23: 717
A24: VIC | B24: 278 | C24: 84 | D24: 371 | E24: 13 | F24: 746
A25: QLD | B25: 159 | C25: 43 | D25: 152 | E25: 96 | F25: 450
A26: SA | B26: 127 | C26: 33 | D26: 132 | E26: 58 | F26: 350
A27: WA | B27: 206 | C27: 32 | D27: 115 | E27: 138 | F27: 491
A28: TAS | B28: – | C28: 44 | D28: 62 | E28: 14 | F28: 120
A29: NT | B29: – | C29: 22 | D29: 5 | E29: 24 | F29: 51
A30: ACT | B30: 27 | C30: 2 | D30: 3 | E30: – | F30: 32
A31: Total | B31: 1167 | C31: 303 | D31: 1098 | E31: 373 | F31: 2941
A33: Sheet Guide
A34: Sheet | B34: Purpose
A35: Dashboard | B35: This sheet. Summary statistics and cross-tabs.
A36: Search | B36: Single postcode lookup with MMM, zone, and PO Box flags.
A37: Postcodes | B37: Full place-level listing (16,555 rows) from AusPost PC001 with MMM data.
A38: Postcode_Summary | B38: One row per postcode×state with Shipping_MMM, zone classification, and audit trail.
A39: Shopify_Zones | B39: Copy-paste postcode lists for Shopify shipping zone configuration.
A40: Shipping_Planner | B40: Paste up to 1,000 postcodes for bulk zone/MMM lookup.
A41: Shipping_Zones | B41: Editable zone definitions: MMM→zone mapping, surcharges, extra days.
A42: State_Ranges | B42: Postcode ranges by state (reference).
A43: MMM_2023_Lookup | B43: MMM category labels (reference).
A44: POA_21_MMM_23 | B44: Raw POA 2021 × MMM 2023 concordance (source data).
A46: NSW Postcodes by Local Health District
A47: Local Health District | B47: LHD Code | C47: Postcodes | D47: Metro (Zone 1) | E47: Regional+ | F47: PO Box-Only
A48: Sydney | B48: X700 | C48: 61 | D48: 61 | E48: 0 | F48: 21
A49: South Western Sydney | B49: X710 | C49: 57 | D49: 43 | E49: 14 | F49: 8
A50: South Eastern Sydney | B50: X720 | C50: 70 | D50: 66 | E50: 4 | F50: 22
A51: Western Sydney | B51: X740 | C51: 41 | D51: 41 | E51: 0 | F51: 9
A52: Nepean Blue Mountains | B52: X750 | C52: 32 | D52: 21 | E52: 11 | F52: 2
A53: Northern Sydney | B53: X760 | C53: 82 | D53: 77 | E53: 5 | F53: 23
A54: Central Coast | B54: X770 | C54: 11 | D54: 7 | E54: 4 | F54: 1
A55: Illawarra Shoalhaven | B55: X730 | C55: 25 | D55: 15 | E55: 10 | F55: 2
A56: Hunter New England | B56: X800 | C56: 130 | D56: 33 | E56: 97 | F56: 5
A57: Mid North Coast | B57: X820 | C57: 16 | D57: 0 | E57: 16 | F57: 1
A58: Northern NSW | B58: X810 | C58: 40 | D58: 9 | E58: 31 | F58: 0
A59: Southern NSW | B59: X830 | C59: 60 | D59: 26 | E59: 34 | F59: 4
... A62: Far West | B62: X860 | C62: 25 | D62: 0 | E62: 25 | F62: 0
A63: Total NSW | C63: 813 | D63: 400
A65: ABS Census 2021 & SEIFA Summary
A66: Total Estimated Resident Population (Census 2021) | B66: 25,366,835
A67: Total Aboriginal & Torres Strait Islander population | B67: 812,497 (3.2%)
A68: Postcodes with SEIFA data | B68: 2,624
A69: Postcodes in most disadvantaged decile (IRSD 1) | B69: 262
A70: Postcodes with >10% Indigenous population | B70: 206
A72: Disadvantage by Shipping Zone (SEIFA IRSD)
A73: Zone | B73: Zone Name | C73: Avg IRSD Score | D73: Avg Decile | E73: % in Decile 1–3 | F73: Avg Indigenous %
A74: 1 | B74: Metro | C74: 1025 | D74: 6.9 | E74: 15% | F74: 1.7%
A75: 2 | B75: Regional | C75: 1015 | D75: 6.3 | E75: 18% | F75: 3.7%
A76: 3 | B76: Rural | C76: 977 | D76: 4.5 | E76: 41% | F76: 4.1%
A77: 4 | B77: Remote | C77: 956 | D77: 4.5 | E77: 44% | F77: 13.1%
A79: Data Sources
A80: AusPost: Standard Postcode File PC001 (18 Feb 2026)
A81: DoH: Modified Monash Model 2023 via POA 2021 concordance
A82: NSW Health: SAPHARI LHD boundary data (EPSG:4283)
A83: ABS: POA 2021 boundaries (ASGS Ed 3, EPSG:7844)
A84: ABS: SEIFA 2021 Index of Relative Socio-Economic Disadvantage by POA
A85: ABS: Census 2021 G07 (Indigenous Status) by POA
A86: ABS: Census 2021 G01 (Selected Person Characteristics) by POA
A89: Remoteness Area Distribution (approximate, derived from MMM)
A90: RA Code | B90: RA Name | C90: Postcodes | D90: % of Total
A91: RA1 | B91: Major cities | C91: 1167 | D91: 39.5%
A92: RA2 | B92: Inner regional | C92: 304 | D92: 10.3%
A93: RA3 | B93: Outer regional | C93: 1109 | D93: 37.5%
A94: RA4 | B94: Remote | C94: 218 | D94: 7.4%
A95: RA5 | B95: Very remote | C95: 159 | D95: 5.4%
A96: Total | C96: 2957
A98: New Reference Sheets (v2.1)
A99: RA_Lookup | B99: ABS Remoteness Area definitions and MMM mapping
A100: PHN_Lookup | B100: All 31 Primary Health Networks with codes, states, and coverage
A101: State_Health_Districts | B101: Health districts/regions for all states and territories
A102: Data_Sourcing_Guide | B102: URLs and instructions for downloading external concordance files
A105: PHN Coverage Summary
A106: PHN Code | B106: PHN Name | C106: Postcodes
A107: PHN101 | B107: Central and Eastern Sydney | C107: 87
A108: PHN102 | B108: Northern Sydney | C108: 58
A109: PHN103 | B109: Western Sydney | C109: 33
A110: PHN104 | B110: Nepean Blue Mountains | C110: 29
A111: PHN105 | B111: South Western Sydney | C111: 50
A112: PHN106 | B112: South Eastern NSW | C112: 56
A113: PHN107 | B113: Western NSW | C113: 73
A114: PHN108 | B114: Hunter New England and Central Coast | C114: 123
A115: PHN109 | B115: North Coast | C115: 45
...

Sheet Search
A1: Postcode & Suburb Lookup
A3: Search by | B3: Postcode
A4: Enter value | B4: 2560
A5: State (optional)
A7: Status | B7: =IF($B$4="","Enter a postcode or suburb name above.",IF($B$3="Postcode",IF(COUNTIF(Postcode_Summary!$A:$A,$B$4)>0,"✓ Found","✗ Postcode not found. Check the number and try again."),IF($B$3="Suburb",IF(COUNTIF(Postcodes!$A:$A,"*"&$B$4&"*")>0,COUNTIF(Postcodes!$A:$A,"*"&$B$4&"*")&" match(es) found","✗ Suburb not found. Try a different spelling or check the Postcodes sheet."),"Select Postcode or Suburb above.")))
A8: Resolved Key | B8: =IF($B$4="","",IF($B$3="Postcode",IF(COUNTIF(Postcode_Summary!$A:$A,$B$4)=0,"",IF($B$5<>"",$B$4&"|"&$B$5,$B$4&"|"&INDEX(Postcode_Summary!$B$2:$B$99999,MATCH($B$4,Postcode_Summary!$A$2:$A$99999,0)))),IF(COUNTIF(Postcodes!$A:$A,"*"&$B$4&"*")=0,"",INDEX(Postcodes!$C:$C,MATCH("*"&$B$4&"*",Postcodes!$A:$A,0))&"|"&INDEX(Postcodes!$B:$B,MATCH("*"&$B$4&"*",Postcodes!$A:$A,0)))))
A10: Results
A11: Postcode | B11: =IF($B$8="","",INDEX(Postcode_Summary!$A$2:$A$99999,MATCH($B$8,Postcode_Summary!$C$2:$C$99999,0)))
A12: State | B12: =IF($B$8="","",INDEX(Postcode_Summary!$B$2:$B$99999,MATCH($B$8,Postcode_Summary!$C$2:$C$99999,0)))
A13: Representative Place | B13: =IF($B$8="","",INDEX(Postcode_Summary!$D$2:$D$99999,MATCH($B$8,Postcode_Summary!$C$2:$C$99999,0)))
A14: Example Places | B14: =IF($B$8="","",INDEX(Postcode_Summary!$E$2:$E$99999,MATCH($B$8,Postcode_Summary!$C$2:$C$99999,0)))
A15: Shipping MMM | B15: =IF($B$8="","",INDEX(Postcode_Summary!$Q$2:$Q$99999,MATCH($B$8,Postcode_Summary!$C$2:$C$99999,0)))
A16: MMM Classification | B16: =IF($B$8="","",INDEX(Postcode_Summary!$R$2:$R$99999,MATCH($B$8,Postcode_Summary!$C$2:$C$99999,0)))
A17: Shipping Zone | B17: =IF($B$15="","",VLOOKUP($B$15,Shipping_Zones!$A$7:$B$14,2,FALSE()))
A18: Zone Name | B18: =IF($B$17="","",INDEX(Shipping_Zones!$B$2:$B$5,MATCH($B$17,Shipping_Zones!$A$2:$A$5,0)))
A19: PO Box Flagged? | B19: =IF($B$8="","",INDEX(Postcode_Summary!$H$2:$H$99999,MATCH($B$8,Postcode_Summary!$C$2:$C$99999,0)))
A20: MMM Breakdown | B20: =IF($B$8="","",INDEX(Postcode_Summary!$N$2:$N$99999,MATCH($B$8,Postcode_Summary!$C$2:$C$99999,0)))
A21: MMM Source | B21: =IF($B$8="","",INDEX(Postcode_Summary!$S$2:$S$99999,MATCH($B$8,Postcode_Summary!$C$2:$C$99999,0)))
A22: NSW Local Health District | B22: =IF($B$8="","",INDEX(Postcode_Summary!$T$2:$T$99999,MATCH($B$8,Postcode_Summary!$C$2:$C$99999,0)))
A23: Population (ERP 2021) | B23: =IF($B$8="","",INDEX(Postcode_Summary!$V$2:$V$99999,MATCH($B$8,Postcode_Summary!$C$2:$C$99999,0)))
A24: Indigenous Population | B24: =IF($B$8="","",INDEX(Postcode_Summary!$W$2:$W$99999,MATCH($B$8,Postcode_Summary!$C$2:$C$99999,0)))
A25: Indigenous % | B25: =IF($B$8="","",INDEX(Postcode_Summary!$X$2:$X$99999,MATCH($B$8,Postcode_Summary!$C$2:$C$99999,0)))
A26: SEIFA Disadvantage Score | B26: =IF($B$8="","",INDEX(Postcode_Summary!$Y$2:$Y$99999,MATCH($B$8,Postcode_Summary!$C$2:$C$99999,0)))
A27: SEIFA Disadvantage Decile | B27: =IF($B$8="","",INDEX(Postcode_Summary!$Z$2:$Z$99999,MATCH($B$8,Postcode_Summary!$C$2:$C$99999,0)))
A28: Disadvantage Level | B28: =IF($B$27="","",IF($B$27<=2,"Most disadvantaged (bottom 20%)",IF($B$27<=4,"Below average",IF($B$27<=6,"Average",IF($B$27<=8,"Above average","Least disadvantaged (top 20%)")))))
A29: PHN Code | B29: =IF($B$8="","",IFERROR(INDEX(Postcode_Summary!$AD$2:$AD$99999,MATCH($B$8,Postcode_Summary!$C$2:$C$99999,0)),""))
A30: PHN Name | B30: =IF($B$8="","",IFERROR(INDEX(Postcode_Summary!$AE$2:$AE$99999,MATCH($B$8,Postcode_Summary!$C$2:$C$99999,0)),""))
A31: Remoteness Area | B31: =IF($B$8="","",IFERROR(INDEX(Postcode_Summary!$AB$2:$AB$99999,MATCH($B$8,Postcode_Summary!$C$2:$C$99999,0)),""))
A32: PHN Split Note | B32: =IF($B$8="","",IFERROR(INDEX(Postcode_Summary!$AG$2:$AG$99999,MATCH($B$8,Postcode_Summary!$C$2:$C$99999,0)),""))
A34: Notes | B34: SEIFA Decile: 1=most disadvantaged 10% nationally. Indigenous % from Census 2021. PO Box postcodes may lack Census data.
A35: Tip | B35: For bulk planning, use the Shipping_Planner sheet (paste postcodes in column A).

Sheet Shipping_Planner
A1: Shipping Planner (paste a list of postcodes; get MMM + shipping zone + flags)
A3: Inputs
A4: Use default zone settings? | B4: Yes
A6: Paste Postcodes Here ↓
A7: Postcode | B7: State (optional) | C7: Key | D7: Rep Place | E7: MMM Primary | F7: MMM Label | G7: Zone | H7: PO Box flagged | I7: Extra Days | J7: Surcharge % | K7: Notes | L7: NSW LHD | M7: Indigenous % | N7: SEIFA Decile | O7: Population | P7: PHN Code | Q7: PHN Name | R7: Remoteness Area
C8: =IF($A8="","",IFERROR(IF($B8<>"",$A8&"|"&$B8,$A8&"|"&INDEX(Postcode_Summary!$B$2:$B$99999,MATCH($A8,Postcode_Summary!$A$2:$A$99999,0))),"")) | D8: =IF($A8="","",IFERROR(INDEX(Postcode_Summary!$D$2:$D$99999,MATCH($C8,Postcode_Summary!$C$2:$C$99999,0)),IF($C8="","⚠ Postcode not recognised","⚠ State mismatch"))) | E8: =IF($A8="","",IFERROR(INDEX(Postcode_Summary!$Q$2:$Q$99999,MATCH($C8,Postcode_Summary!$C$2:$C$99999,0)),"")) | F8: =IF($A8="","",IFERROR(INDEX(Postcode_Summary!$R$2:$R$99999,MATCH($C8,Postcode_Summary!$C$2:$C$99999,0)),"")) | G8: =IF($A8="","",IFERROR(VLOOKUP($E8,Shipping_Zones!$A$7:$B$14,2,FALSE()),"")) | H8: =IF($A8="","",IFERROR(INDEX(Postcode_Summary!$H$2:$H$99999,MATCH($C8,Postcode_Summary!$C$2:$C$99999,0)),"")) | I8: =IF($A8="","",IFERROR(INDEX(Shipping_Zones!$E$2:$E$5,MATCH($G8,Shipping_Zones!$A$2:$A$5,0)),"")) | J8: =IF($A8="","",IFERROR(INDEX(Shipping_Zones!$D$2:$D$5,MATCH($G8,Shipping_Zones!$A$2:$A$5,0)),"")) | K8: =IF($A8="","",IF(IFERROR(MATCH($C8,Postcode_Summary!$C$2:$C$99999,0),"ERR")="ERR","⚠ Check postcode/state",IF($H8=TRUE(),"PO Box flagged in source data",""))) | L8: =IF($A8="","",IFERROR(INDEX(Postcode_Summary!$T$2:$T$99999,MATCH($C8,Postcode_Summary!$C$2:$C$99999,0)),"")) | M8: =IF($A8="","",IFERROR(INDEX(Postcode_Summary!$X$2:$X$99999,MATCH($C8,Postcode_Summary!$C$2:$C$99999,0)),"")) | N8: =IF($A8="","",IFERROR(INDEX(Postcode_Summary!$Z$2:$Z$99999,MATCH($C8,Postcode_Summary!$C$2:$C$99999,0)),"")) | O8: =IF($A8="","",IFERROR(INDEX(Postcode_Summary!$V$2:$V$99999,MATCH($C8,Postcode_Summary!$C$2:$C$99999,0)),"")) | P8: =IF($A8="","",IFERROR(INDEX(Postcode_Summary!$AD$2:$AD$99999,MATCH($C8,Postcode_Summary!$C$2:$C$99999,0)),"")) | Q8: =IF($A8="","",IFERROR(INDEX(Postcode_Summary!$AE$2:$AE$99999,MATCH($C8,Postcode_Summary!$C$2:$C$99999,0)),"")) | R8: =IF($A8="","",IFERROR(INDEX(Postcode_Summary!$AB$2:$AB$99999,MATCH($C8,Postcode_Summary!$C$2:$C$99999,0)),""))
C9: =IF($A9="","",IFERROR(IF($B9<>"",$A9&"|"&$B9,$A9&"|"&INDEX(Postcode_Summary!$B$2:$B$99999,MATCH($A9,Postcode_Summary!$A$2:$A$99999,0))),"")) | D9: =IF($A9="","",IFERROR(INDEX(Postcode_Summary!$D$2:$D$99999,MATCH($C9,Postcode_Summary!$C$2:$C$99999,0)),IF($C9="","⚠ Postcode not recognised","⚠ State mismatch"))) | E9: =IF($A9="","",IFERROR(INDEX(Postcode_Summary!$Q$2:$Q$99999,MATCH($C9,Postcode_Summary!$C$2:$C$99999,0)),"")) | F9: =IF($A9="","",IFERROR(INDEX(Postcode_Summary!$R$2:$R$99999,MATCH($C9,Postcode_Summary!$C$2:$C$99999,0)),"")) | G9: =IF($A9="","",IFERROR(VLOOKUP($E9,Shipping_Zones!$A$7:$B$14,2,FALSE()),"")) | H9: =IF($A9="","",IFERROR(INDEX(Postcode_Summary!$H$2:$H$99999,MATCH($C9,Postcode_Summary!$C$2:$C$99999,0)),"")) | I9: =IF($A9="","",IFERROR(INDEX(Shipping_Zones!$E$2:$E$5,MATCH($G9,Shipping_Zones!$A$2:$A$5,0)),"")) | J9: =IF($A9="","",IFERROR(INDEX(Shipping_Zones!$D$2:$D$5,MATCH($G9,Shipping_Zones!$A$2:$A$5,0)),"")) | K9: =IF($A9="","",IF(IFERROR(MATCH($C9,Postcode_Summary!$C$2:$C$99999,0),"ERR")="ERR","⚠ Check postcode/state",IF($H9=TRUE(),"PO Box flagged in source data",""))) | L9: =IF($A9="","",IFERROR(INDEX(Postcode_Summary!$T$2:$T$99999,MATCH($C9,Postcode_Summary!$C$2:$C$99999,0)),"")) | M9: =IF($A9="","",IFERROR(INDEX(Postcode_Summary!$X$2:$X$99999,MATCH($C9,Postcode_Summary!$C$2:$C$99999,0)),"")) | N9: =IF($A9="","",IFERROR(INDEX(Postcode_Summary!$Z$2:$Z$99999,MATCH($C9,Postcode_Summary!$C$2:$C$99999,0)),"")) | O9: =IF($A9="","",IFERROR(INDEX(Postcode_Summary!$V$2:$V$99999,MATCH($C9,Postcode_Summary!$C$2:$C$99999,0)),"")) | P9: =IF($A9="","",IFERROR(INDEX(Postcode_Summary!$AD$2:$AD$99999,MATCH($C9,Postcode_Summary!$C$2:$C$99999,0)),"")) | Q9: =IF($A9="","",IFERROR(INDEX(Postcode_Summary!$AE$2:$AE$99999,MATCH($C9,Postcode_Summary!$C$2:$C$99999,0)),"")) | R9: =IF($A9="","",IFERROR(INDEX(Postcode_Summary!$AB$2:$AB$99999,MATCH($C9,Postcode_Summary!$C$2:$C$99999,0)),""))
C10: =IF($A10="","",IFERROR(IF($B10<>"",$A10&"|"&$B10,$A10&"|"&INDEX(Postcode_Summary!$B$2:$B$99999,MATCH($A10,Postcode_Summary!$A$2:$A$99999,0))),"")) | D10: =IF($A10="","",IFERROR(INDEX(Postcode_Summary!$D$2:$D$99999,MATCH($C10,Postcode_Summary!$C$2:$C$99999,0)),IF($C10="","⚠ Postcode not recognised","⚠ State mismatch"))) | E10: =IF($A10="","",IFERROR(INDEX(Postcode_Summary!$Q$2:$Q$99999,MATCH($C10,Postcode_Summary!$C$2:$C$99999,0)),"")) | F10: =IF($A10="","",IFERROR(INDEX(Postcode_Summary!$R$2:$R$99999,MATCH($C10,Postcode_Summary!$C$2:$C$99999,0)),"")) | G10: =IF($A10="","",IFERROR(VLOOKUP($E10,Shipping_Zones!$A$7:$B$14,2,FALSE()),"")) | H10: =IF($A10="","",IFERROR(INDEX(Postcode_Summary!$H$2:$H$99999,MATCH($C10,Postcode_Summary!$C$2:$C$99999,0)),"")) | I10: =IF($A10="","",IFERROR(INDEX(Shipping_Zones!$E$2:$E$5,MATCH($G10,Shipping_Zones!$A$2:$A$5,0)),"")) | J10: =IF($A10="","",IFERROR(INDEX(Shipping_Zones!$D$2:$D$5,MATCH($G10,Shipping_Zones!$A$2:$A$5,0)),"")) | K10: =IF($A10="","",IF(IFERROR(MATCH($C10,Postcode_Summary!$C$2:$C$99999,0),"ERR")="ERR","⚠ Check postcode/state",IF($H10=TRUE(),"PO Box flagged in source data",""))) | L10: =IF($A10="","",IFERROR(INDEX(Postcode_Summary!$T$2:$T$99999,MATCH($C10,Postcode_Summary!$C$2:$C$99999,0)),"")) | M10: =IF($A10="","",IFERROR(INDEX(Postcode_Summary!$X$2:$X$99999,MATCH($C10,Postcode_Summary!$C$2:$C$99999,0)),"")) | N10: =IF($A10="","",IFERROR(INDEX(Postcode_Summary!$Z$2:$Z$99999,MATCH($C10,Postcode_Summary!$C$2:$C$99999,0)),"")) | O10: =IF($A10="","",IFERROR(INDEX(Postcode_Summary!$V$2:$V$99999,MATCH($C10,Postcode_Summary!$C$2:$C$99999,0)),"")) | P10: =IF($A10="","",IFERROR(INDEX(Postcode_Summary!$AD$2:$AD$99999,MATCH($C10,Postcode_Summary!$C$2:$C$99999,0)),"")) | Q10: =IF($A10="","",IFERROR(INDEX(Postcode_Summary!$AE$2:$AE$99999,MATCH($C10,Postcode_Summary!$C$2:$C$99999,0)),"")) | R10: =IF($A10="","",IFERROR(INDEX(Postcode_Summary!$AB$2:$AB$99999,MATCH($C10,Postcode_Summary!$C$2:$C$99999,0)),""))
C11: =IF($A11="","",IFERROR(IF($B11<>"",$A11&"|"&$B11,$A11&"|"&INDEX(Postcode_Summary!$B$2:$B$99999,MATCH($A11,Postcode_Summary!$A$2:$A$99999,0))),"")) | D11: =IF($A11="","",IFERROR(INDEX(Postcode_Summary!$D$2:$D$99999,MATCH($C11,Postcode_Summary!$C$2:$C$99999,0)),IF($C11="","⚠ Postcode not recognised","⚠ State mismatch"))) | E11: =IF($A11="","",IFERROR(INDEX(Postcode_Summary!$Q$2:$Q$99999,MATCH($C11,Postcode_Summary!$C$2:$C$99999,0)),"")) | F11: =IF($A11="","",IFERROR(INDEX(Postcode_Summary!$R$2:$R$99999,MATCH($C11,Postcode_Summary!$C$2:$C$99999,0)),"")) | G11: =IF($A11="","",IFERROR(VLOOKUP($E11,Shipping_Zones!$A$7:$B$14,2,FALSE()),"")) | H11: =IF($A11="","",IFERROR(INDEX(Postcode_Summary!$H$2:$H$99999,MATCH($C11,Postcode_Summary!$C$2:$C$99999,0)),"")) | I11: =IF($A11="","",IFERROR(INDEX(Shipping_Zones!$E$2:$E$5,MATCH($G11,Shipping_Zones!$A$2:$A$5,0)),"")) | J11: =IF($A11="","",IFERROR(INDEX(Shipping_Zones!$D$2:$D$5,MATCH($G11,Shipping_Zones!$A$2:$A$5,0)),"")) | K11: =IF($A11="","",IF(IFERROR(MATCH($C11,Postcode_Summary!$C$2:$C$99999,0),"ERR")="ERR","⚠ Check postcode/state",IF($H11=TRUE(),"PO Box flagged in source data",""))) | L11: =IF($A11="","",IFERROR(INDEX(Postcode_Summary!$T$2:$T$99999,MATCH($C11,Postcode_Summary!$C$2:$C$99999,0)),"")) | M11: =IF($A11="","",IFERROR(INDEX(Postcode_Summary!$X$2:$X$99999,MATCH($C11,Postcode_Summary!$C$2:$C$99999,0)),"")) | N11: =IF($A11="","",IFERROR(INDEX(Postcode_Summary!$Z$2:$Z$99999,MATCH($C11,Postcode_Summary!$C$2:$C$99999,0)),"")) | O11: =IF($A11="","",IFERROR(INDEX(Postcode_Summary!$V$2:$V$99999,MATCH($C11,Postcode_Summary!$C$2:$C$99999,0)),"")) | P11: =IF($A11="","",IFERROR(INDEX(Postcode_Summary!$AD$2:$AD$99999,MATCH($C11,Postcode_Summary!$C$2:$C$99999,0)),"")) | Q11: =IF($A11="","",IFERROR(INDEX(Postcode_Summary!$AE$2:$AE$99999,MATCH($C11,Postcode_Summary!$C$2:$C$99999,0)),"")) | R11: =IF($A11="","",IFERROR(INDEX(Postcode_Summary!$AB$2:$AB$99999,MATCH($C11,Postcode_Summary!$C$2:$C$99999,0)),""))
C12: =IF($A12="","",IFERROR(IF($B12<>"",$A12&"|"&$B12,$A12&"|"&INDEX(Postcode_Summary!$B$2:$B$99999,MATCH($A12,Postcode_Summary!$A$2:$A$99999,0))),"")) | D12: =IF($A12="","",IFERROR(INDEX(Postcode_Summary!$D$2:$D$99999,MATCH($C12,Postcode_Summary!$C$2:$C$99999,0)),IF($C12="","⚠ Postcode not recognised","⚠ State mismatch"))) | E12: =IF($A12="","",IFERROR(INDEX(Postcode_Summary!$Q$2:$Q$99999,MATCH($C12,Postcode_Summary!$C$2:$C$99999,0)),"")) | F12: =IF($A12="","",IFERROR(INDEX(Postcode_Summary!$R$2:$R$99999,MATCH($C12,Postcode_Summary!$C$2:$C$99999,0)),"")) | G12: =IF($A12="","",IFERROR(VLOOKUP($E12,Shipping_Zones!$A$7:$B$14,2,FALSE()),"")) | H12: =IF($A12="","",IFERROR(INDEX(Postcode_Summary!$H$2:$H$99999,MATCH($C12,Postcode_Summary!$C$2:$C$99999,0)),"")) | I12: =IF($A12="","",IFERROR(INDEX(Shipping_Zones!$E$2:$E$5,MATCH($G12,Shipping_Zones!$A$2:$A$5,0)),"")) | J12: =IF($A12="","",IFERROR(INDEX(Shipping_Zones!$D$2:$D$5,MATCH($G12,Shipping_Zones!$A$2:$A$5,0)),"")) | K12: =IF($A12="","",IF(IFERROR(MATCH($C12,Postcode_Summary!$C$2:$C$99999,0),"ERR")="ERR","⚠ Check postcode/state",IF($H12=TRUE(),"PO Box flagged in source data",""))) | L12: =IF($A12="","",IFERROR(INDEX(Postcode_Summary!$T$2:$T$99999,MATCH($C12,Postcode_Summary!$C$2:$C$99999,0)),"")) | M12: =IF($A12="","",IFERROR(INDEX(Postcode_Summary!$X$2:$X$99999,MATCH($C12,Postcode_Summary!$C$2:$C$99999,0)),"")) | N12: =IF($A12="","",IFERROR(INDEX(Postcode_Summary!$Z$2:$Z$99999,MATCH($C12,Postcode_Summary!$C$2:$C$99999,0)),"")) | O12: =IF($A12="","",IFERROR(INDEX(Postcode_Summary!$V$2:$V$99999,MATCH($C12,Postcode_Summary!$C$2:$C$99999,0)),"")) | P12: =IF($A12="","",IFERROR(INDEX(Postcode_Summary!$AD$2:$AD$99999,MATCH($C12,Postcode_Summary!$C$2:$C$99999,0)),"")) | Q12: =IF($A12="","",IFERROR(INDEX(Postcode_Summary!$AE$2:$AE$99999,MATCH($C12,Postcode_Summary!$C$2:$C$99999,0)),"")) | R12: =IF($A12="","",IFERROR(INDEX(Postcode_Summary!$AB$2:$AB$99999,MATCH($C12,Postcode_Summary!$C$2:$C$99999,0)),""))
C13: =IF($A13="","",IFERROR(IF($B13<>"",$A13&"|"&$B13,$A13&"|"&INDEX(Postcode_Summary!$B$2:$B$99999,MATCH($A13,Postcode_Summary!$A$2:$A$99999,0))),"")) | D13: =IF($A13="","",IFERROR(INDEX(Postcode_Summary!$D$2:$D$99999,MATCH($C13,Postcode_Summary!$C$2:$C$99999,0)),IF($C13="","⚠ Postcode not recognised","⚠ State mismatch"))) | E13: =IF($A13="","",IFERROR(INDEX(Postcode_Summary!$Q$2:$Q$99999,MATCH($C13,Postcode_Summary!$C$2:$C$99999,0)),"")) | F13: =IF($A13="","",IFERROR(INDEX(Postcode_Summary!$R$2:$R$99999,MATCH($C13,Postcode_Summary!$C$2:$C$99999,0)),"")) | G13: =IF($A13="","",IFERROR(VLOOKUP($E13,Shipping_Zones!$A$7:$B$14,2,FALSE()),"")) | H13: =IF($A13="","",IFERROR(INDEX(Postcode_Summary!$H$2:$H$99999,MATCH($C13,Postcode_Summary!$C$2:$C$99999,0)),"")) | I13: =IF($A13="","",IFERROR(INDEX(Shipping_Zones!$E$2:$E$5,MATCH($G13,Shipping_Zones!$A$2:$A$5,0)),"")) | J13: =IF($A13="","",IFERROR(INDEX(Shipping_Zones!$D$2:$D$5,MATCH($G13,Shipping_Zones!$A$2:$A$5,0)),"")) | K13: =IF($A13="","",IF(IFERROR(MATCH($C13,Postcode_Summary!$C$2:$C$99999,0),"ERR")="ERR","⚠ Check postcode/state",IF($H13=TRUE(),"PO Box flagged in source data",""))) | L13: =IF($A13="","",IFERROR(INDEX(Postcode_Summary!$T$2:$T$99999,MATCH($C13,Postcode_Summary!$C$2:$C$99999,0)),"")) | M13: =IF($A13="","",IFERROR(INDEX(Postcode_Summary!$X$2:$X$99999,MATCH($C13,Postcode_Summary!$C$2:$C$99999,0)),"")) | N13: =IF($A13="","",IFERROR(INDEX(Postcode_Summary!$Z$2:$Z$99999,MATCH($C13,Postcode_Summary!$C$2:$C$99999,0)),"")) | O13: =IF($A13="","",IFERROR(INDEX(Postcode_Summary!$V$2:$V$99999,MATCH($C13,Postcode_Summary!$C$2:$C$99999,0)),"")) | P13: =IF($A13="","",IFERROR(INDEX(Postcode_Summary!$AD$2:$AD$99999,MATCH($C13,Postcode_Summary!$C$2:$C$99999,0)),"")) | Q13: =IF($A13="","",IFERROR(INDEX(Postcode_Summary!$AE$2:$AE$99999,MATCH($C13,Postcode_Summary!$C$2:$C$99999,0)),"")) | R13: =IF($A13="","",IFERROR(INDEX(Postcode_Summary!$AB$2:$AB$99999,MATCH($C13,Postcode_Summary!$C$2:$C$99999,0)),""))
C14: =IF($A14="","",IFERROR(IF($B14<>"",$A14&"|"&$B14,$A14&"|"&INDEX(Postcode_Summary!$B$2:$B$99999,MATCH($A14,Postcode_Summary!$A$2:$A$99999,0))),"")) | D14: =IF($A14="","",IFERROR(INDEX(Postcode_Summary!$D$2:$D$99999,MATCH($C14,Postcode_Summary!$C$2:$C$99999,0)),IF($C14="","⚠ Postcode not recognised","⚠ State mismatch"))) | E14: =IF($A14="","",IFERROR(INDEX(Postcode_Summary!$Q$2:$Q$99999,MATCH($C14,Postcode_Summary!$C$2:$C$99999,0)),"")) | F14: =IF($A14="","",IFERROR(INDEX(Postcode_Summary!$R$2:$R$99999,MATCH($C14,Postcode_Summary!$C$2:$C$99999,0)),"")) | G14: =IF($A14="","",IFERROR(VLOOKUP($E14,Shipping_Zones!$A$7:$B$14,2,FALSE()),"")) | H14: =IF($A14="","",IFERROR(INDEX(Postcode_Summary!$H$2:$H$99999,MATCH($C14,Postcode_Summary!$C$2:$C$99999,0)),"")) | I14: =IF($A14="","",IFERROR(INDEX(Shipping_Zones!$E$2:$E$5,MATCH($G14,Shipping_Zones!$A$2:$A$5,0)),"")) | J14: =IF($A14="","",IFERROR(INDEX(Shipping_Zones!$D$2:$D$5,MATCH($G14,Shipping_Zones!$A$2:$A$5,0)),"")) | K14: =IF($A14="","",IF(IFERROR(MATCH($C14,Postcode_Summary!$C$2:$C$99999,0),"ERR")="ERR","⚠ Check postcode/state",IF($H14=TRUE(),"PO Box flagged in source data",""))) | L14: =IF($A14="","",IFERROR(INDEX(Postcode_Summary!$T$2:$T$99999,MATCH($C14,Postcode_Summary!$C$2:$C$99999,0)),"")) | M14: =IF($A14="","",IFERROR(INDEX(Postcode_Summary!$X$2:$X$99999,MATCH($C14,Postcode_Summary!$C$2:$C$99999,0)),"")) | N14: =IF($A14="","",IFERROR(INDEX(Postcode_Summary!$Z$2:$Z$99999,MATCH($C14,Postcode_Summary!$C$2:$C$99999,0)),"")) | O14: =IF($A14="","",IFERROR(INDEX(Postcode_Summary!$V$2:$V$99999,MATCH($C14,Postcode_Summary!$C$2:$C$99999,0)),"")) | P14: =IF($A14="","",IFERROR(INDEX(Postcode_Summary!$AD$2:$AD$99999,MATCH($C14,Postcode_Summary!$C$2:$C$99999,0)),"")) | Q14: =IF($A14="","",IFERROR(INDEX(Postcode_Summary!$AE$2:$AE$99999,MATCH($C14,Postcode_Summary!$C$2:$C$99999,0)),"")) | R14: =IF($A14="","",IFERROR(INDEX(Postcode_Summary!$AB$2:$AB$99999,MATCH($C14,Postcode_Summary!$C$2:$C$99999,0)),""))
C15: =IF($A15="","",IFERROR(IF($B15<>"",$A15&"|"&$B15,$A15&"|"&INDEX(Postcode_Summary!$B$2:$B$99999,MATCH($A15,Postcode_Summary!$A$2:$A$99999,0))),"")) | D15: =IF($A15="","",IFERROR(INDEX(Postcode_Summary!$D$2:$D$99999,MATCH($C15,Postcode_Summary!$C$2:$C$99999,0)),IF($C15="","⚠ Postcode not recognised","⚠ State mismatch"))) | E15: =IF($A15="","",IFERROR(INDEX(Postcode_Summary!$Q$2:$Q$99999,MATCH($C15,Postcode_Summary!$C$2:$C$99999,0)),"")) | F15: =IF($A15="","",IFERROR(INDEX(Postcode_Summary!$R$2:$R$99999,MATCH($C15,Postcode_Summary!$C$2:$C$99999,0)),"")) | G15: =IF($A15="","",IFERROR(VLOOKUP($E15,Shipping_Zones!$A$7:$B$14,2,FALSE()),"")) | H15: =IF($A15="","",IFERROR(INDEX(Postcode_Summary!$H$2:$H$99999,MATCH($C15,Postcode_Summary!$C$2:$C$99999,0)),"")) | I15: =IF($A15="","",IFERROR(INDEX(Shipping_Zones!$E$2:$E$5,MATCH($G15,Shipping_Zones!$A$2:$A$5,0)),"")) | J15: =IF($A15="","",IFERROR(INDEX(Shipping_Zones!$D$2:$D$5,MATCH($G15,Shipping_Zones!$A$2:$A$5,0)),"")) | K15: =IF($A15="","",IF(IFERROR(MATCH($C15,Postcode_Summary!$C$2:$C$99999,0),"ERR")="ERR","⚠ Check postcode/state",IF($H15=TRUE(),"PO Box flagged in source data",""))) | L15: =IF($A15="","",IFERROR(INDEX(Postcode_Summary!$T$2:$T$99999,MATCH($C15,Postcode_Summary!$C$2:$C$99999,0)),"")) | M15: =IF($A15="","",IFERROR(INDEX(Postcode_Summary!$X$2:$X$99999,MATCH($C15,Postcode_Summary!$C$2:$C$99999,0)),"")) | N15: =IF($A15="","",IFERROR(INDEX(Postcode_Summary!$Z$2:$Z$99999,MATCH($C15,Postcode_Summary!$C$2:$C$99999,0)),"")) | O15: =IF($A15="","",IFERROR(INDEX(Postcode_Summary!$V$2:$V$99999,MATCH($C15,Postcode_Summary!$C$2:$C$99999,0)),"")) | P15: =IF($A15="","",IFERROR(INDEX(Postcode_Summary!$AD$2:$AD$99999,MATCH($C15,Postcode_Summary!$C$2:$C$99999,0)),"")) | Q15: =IF($A15="","",IFERROR(INDEX(Postcode_Summary!$AE$2:$AE$99999,MATCH($C15,Postcode_Summary!$C$2:$C$99999,0)),"")) | R15: =IF($A15="","",IFERROR(INDEX(Postcode_Summary!$AB$2:$AB$99999,MATCH($C15,Postcode_Summary!$C$2:$C$99999,0)),""))
C16: =IF($A16="","",IFERROR(IF($B16<>"",$A16&"|"&$B16,$A16&"|"&INDEX(Postcode_Summary!$B$2:$B$99999,MATCH($A16,Postcode_Summary!$A$2:$A$99999,0))),"")) | D16: =IF($A16="","",IFERROR(INDEX(Postcode_Summary!$D$2:$D$99999,MATCH($C16,Postcode_Summary!$C$2:$C$99999,0)),IF($C16="","⚠ Postcode not recognised","⚠ State mismatch"))) | E16: =IF($A16="","",IFERROR(INDEX(Postcode_Summary!$Q$2:$Q$99999,MATCH($C16,Postcode_Summary!$C$2:$C$99999,0)),"")) | F16: =IF($A16="","",IFERROR(INDEX(Postcode_Summary!$R$2:$R$99999,MATCH($C16,Postcode_Summary!$C$2:$C$99999,0)),"")) | G16: =IF($A16="","",IFERROR(VLOOKUP($E16,Shipping_Zones!$A$7:$B$14,2,FALSE()),"")) | H16: =IF($A16="","",IFERROR(INDEX(Postcode_Summary!$H$2:$H$99999,MATCH($C16,Postcode_Summary!$C$2:$C$99999,0)),"")) | I16: =IF($A16="","",IFERROR(INDEX(Shipping_Zones!$E$2:$E$5,MATCH($G16,Shipping_Zones!$A$2:$A$5,0)),"")) | J16: =IF($A16="","",IFERROR(INDEX(Shipping_Zones!$D$2:$D$5,MATCH($G16,Shipping_Zones!$A$2:$A$5,0)),"")) | K16: =IF($A16="","",IF(IFERROR(MATCH($C16,Postcode_Summary!$C$2:$C$99999,0),"ERR")="ERR","⚠ Check postcode/state",IF($H16=TRUE(),"PO Box flagged in source data",""))) | L16: =IF($A16="","",IFERROR(INDEX(Postcode_Summary!$T$2:$T$99999,MATCH($C16,Postcode_Summary!$C$2:$C$99999,0)),"")) | M16: =IF($A16="","",IFERROR(INDEX(Postcode_Summary!$X$2:$X$99999,MATCH($C16,Postcode_Summary!$C$2:$C$99999,0)),"")) | N16: =IF($A16="","",IFERROR(INDEX(Postcode_Summary!$Z$2:$Z$99999,MATCH($C16,Postcode_Summary!$C$2:$C$99999,0)),"")) | O16: =IF($A16="","",IFERROR(INDEX(Postcode_Summary!$V$2:$V$99999,MATCH($C16,Postcode_Summary!$C$2:$C$99999,0)),"")) | P16: =IF($A16="","",IFERROR(INDEX(Postcode_Summary!$AD$2:$AD$99999,MATCH($C16,Postcode_Summary!$C$2:$C$99999,0)),"")) | Q16: =IF($A16="","",IFERROR(INDEX(Postcode_Summary!$AE$2:$AE$99999,MATCH($C16,Postcode_Summary!$C$2:$C$99999,0)),"")) | R16: =IF($A16="","",IFERROR(INDEX(Postcode_Summary!$AB$2:$AB$99999,MATCH($C16,Postcode_Summary!$C$2:$C$99999,0)),""))
C17: =IF($A17="","",IFERROR(IF($B17<>"",$A17&"|"&$B17,$A17&"|"&INDEX(Postcode_Summary!$B$2:$B$99999,MATCH($A17,Postcode_Summary!$A$2:$A$99999,0))),"")) | D17: =IF($A17="","",IFERROR(INDEX(Postcode_Summary!$D$2:$D$99999,MATCH($C17,Postcode_Summary!$C$2:$C$99999,0)),IF($C17="","⚠ Postcode not recognised","⚠ State mismatch"))) | E17: =IF($A17="","",IFERROR(INDEX(Postcode_Summary!$Q$2:$Q$99999,MATCH($C17,Postcode_Summary!$C$2:$C$99999,0)),"")) | F17: =IF($A17="","",IFERROR(INDEX(Postcode_Summary!$R$2:$R$99999,MATCH($C17,Postcode_Summary!$C$2:$C$99999,0)),"")) | G17: =IF($A17="","",IFERROR(VLOOKUP($E17,Shipping_Zones!$A$7:$B$14,2,FALSE()),"")) | H17: =IF($A17="","",IFERROR(INDEX(Postcode_Summary!$H$2:$H$99999,MATCH($C17,Postcode_Summary!$C$2:$C$99999,0)),"")) | I17: =IF($A17="","",IFERROR(INDEX(Shipping_Zones!$E$2:$E$5,MATCH($G17,Shipping_Zones!$A$2:$A$5,0)),"")) | J17: =IF($A17="","",IFERROR(INDEX(Shipping_Zones!$D$2:$D$5,MATCH($G17,Shipping_Zones!$A$2:$A$5,0)),"")) | K17: =IF($A17="","",IF(IFERROR(MATCH($C17,Postcode_Summary!$C$2:$C$99999,0),"ERR")="ERR","⚠ Check postcode/state",IF($H17=TRUE(),"PO Box flagged in source data",""))) | L17: =IF($A17="","",IFERROR(INDEX(Postcode_Summary!$T$2:$T$99999,MATCH($C17,Postcode_Summary!$C$2:$C$99999,0)),"")) | M17: =IF($A17="","",IFERROR(INDEX(Postcode_Summary!$X$2:$X$99999,MATCH($C17,Postcode_Summary!$C$2:$C$99999,0)),"")) | N17: =IF($A17="","",IFERROR(INDEX(Postcode_Summary!$Z$2:$Z$99999,MATCH($C17,Postcode_Summary!$C$2:$C$99999,0)),"")) | O17: =IF($A17="","",IFERROR(INDEX(Postcode_Summary!$V$2:$V$99999,MATCH($C17,Postcode_Summary!$C$2:$C$99999,0)),"")) | P17: =IF($A17="","",IFERROR(INDEX(Postcode_Summary!$AD$2:$AD$99999,MATCH($C17,Postcode_Summary!$C$2:$C$99999,0)),"")) | Q17: =IF($A17="","",IFERROR(INDEX(Postcode_Summary!$AE$2:$AE$99999,MATCH($C17,Postcode_Summary!$C$2:$C$99999,0)),"")) | R17: =IF($A17="","",IFERROR(INDEX(Postcode_Summary!$AB$2:$AB$99999,MATCH($C17,Postcode_Summary!$C$2:$C$99999,0)),""))
C18: =IF($A18="","",IFERROR(IF($B18<>"",$A18&"|"&$B18,$A18&"|"&INDEX(Postcode_Summary!$B$2:$B$99999,MATCH($A18,Postcode_Summary!$A$2:$A$99999,0))),"")) | D18: =IF($A18="","",IFERROR(INDEX(Postcode_Summary!$D$2:$D$99999,MATCH($C18,Postcode_Summary!$C$2:$C$99999,0)),IF($C18="","⚠ Postcode not recognised","⚠ State mismatch"))) | E18: =IF($A18="","",IFERROR(INDEX(Postcode_Summary!$Q$2:$Q$99999,MATCH($C18,Postcode_Summary!$C$2:$C$99999,0)),"")) | F18: =IF($A18="","",IFERROR(INDEX(Postcode_Summary!$R$2:$R$99999,MATCH($C18,Postcode_Summary!$C$2:$C$99999,0)),"")) | G18: =IF($A18="","",IFERROR(VLOOKUP($E18,Shipping_Zones!$A$7:$B$14,2,FALSE()),"")) | H18: =IF($A18="","",IFERROR(INDEX(Postcode_Summary!$H$2:$H$99999,MATCH($C18,Postcode_Summary!$C$2:$C$99999,0)),"")) | I18: =IF($A18="","",IFERROR(INDEX(Shipping_Zones!$E$2:$E$5,MATCH($G18,Shipping_Zones!$A$2:$A$5,0)),"")) | J18: =IF($A18="","",IFERROR(INDEX(Shipping_Zones!$D$2:$D$5,MATCH($G18,Shipping_Zones!$A$2:$A$5,0)),"")) | K18: =IF($A18="","",IF(IFERROR(MATCH($C18,Postcode_Summary!$C$2:$C$99999,0),"ERR")="ERR","⚠ Check postcode/state",IF($H18=TRUE(),"PO Box flagged in source data",""))) | L18: =IF($A18="","",IFERROR(INDEX(Postcode_Summary!$T$2:$T$99999,MATCH($C18,Postcode_Summary!$C$2:$C$99999,0)),"")) | M18: =IF($A18="","",IFERROR(INDEX(Postcode_Summary!$X$2:$X$99999,MATCH($C18,Postcode_Summary!$C$2:$C$99999,0)),"")) | N18: =IF($A18="","",IFERROR(INDEX(Postcode_Summary!$Z$2:$Z$99999,MATCH($C18,Postcode_Summary!$C$2:$C$99999,0)),"")) | O18: =IF($A18="","",IFERROR(INDEX(Postcode_Summary!$V$2:$V$99999,MATCH($C18,Postcode_Summary!$C$2:$C$99999,0)),"")) | P18: =IF($A18="","",IFERROR(INDEX(Postcode_Summary!$AD$2:$AD$99999,MATCH($C18,Postcode_Summary!$C$2:$C$99999,0)),"")) | Q18: =IF($A18="","",IFERROR(INDEX(Postcode_Summary!$AE$2:$AE$99999,MATCH($C18,Postcode_Summary!$C$2:$C$99999,0)),"")) | R18: =IF($A18="","",IFERROR(INDEX(Postcode_Summary!$AB$2:$AB$99999,MATCH($C18,Postcode_Summary!$C$2:$C$99999,0)),""))
C19: =IF($A19="","",IFERROR(IF($B19<>"",$A19&"|"&$B19,$A19&"|"&INDEX(Postcode_Summary!$B$2:$B$99999,MATCH($A19,Postcode_Summary!$A$2:$A$99999,0))),"")) | D19: =IF($A19="","",IFERROR(INDEX(Postcode_Summary!$D$2:$D$99999,MATCH($C19,Postcode_Summary!$C$2:$C$99999,0)),IF($C19="","⚠ Postcode not recognised","⚠ State mismatch"))) | E19: =IF($A19="","",IFERROR(INDEX(Postcode_Summary!$Q$2:$Q$99999,MATCH($C19,Postcode_Summary!$C$2:$C$99999,0)),"")) | F19: =IF($A19="","",IFERROR(INDEX(Postcode_Summary!$R$2:$R$99999,MATCH($C19,Postcode_Summary!$C$2:$C$99999,0)),"")) | G19: =IF($A19="","",IFERROR(VLOOKUP($E19,Shipping_Zones!$A$7:$B$14,2,FALSE()),"")) | H19: =IF($A19="","",IFERROR(INDEX(Postcode_Summary!$H$2:$H$99999,MATCH($C19,Postcode_Summary!$C$2:$C$99999,0)),"")) | I19: =IF($A19="","",IFERROR(INDEX(Shipping_Zones!$E$2:$E$5,MATCH($G19,Shipping_Zones!$A$2:$A$5,0)),"")) | J19: =IF($A19="","",IFERROR(INDEX(Shipping_Zones!$D$2:$D$5,MATCH($G19,Shipping_Zones!$A$2:$A$5,0)),"")) | K19: =IF($A19="","",IF(IFERROR(MATCH($C19,Postcode_Summary!$C$2:$C$99999,0),"ERR")="ERR","⚠ Check postcode/state",IF($H19=TRUE(),"PO Box flagged in source data",""))) | L19: =IF($A19="","",IFERROR(INDEX(Postcode_Summary!$T$2:$T$99999,MATCH($C19,Postcode_Summary!$C$2:$C$99999,0)),"")) | M19: =IF($A19="","",IFERROR(INDEX(Postcode_Summary!$X$2:$X$99999,MATCH($C19,Postcode_Summary!$C$2:$C$99999,0)),"")) | N19: =IF($A19="","",IFERROR(INDEX(Postcode_Summary!$Z$2:$Z$99999,MATCH($C19,Postcode_Summary!$C$2:$C$99999,0)),"")) | O19: =IF($A19="","",IFERROR(INDEX(Postcode_Summary!$V$2:$V$99999,MATCH($C19,Postcode_Summary!$C$2:$C$99999,0)),"")) | P19: =IF($A19="","",IFERROR(INDEX(Postcode_Summary!$AD$2:$AD$99999,MATCH($C19,Postcode_Summary!$C$2:$C$99999,0)),"")) | Q19: =IF($A19="","",IFERROR(INDEX(Postcode_Summary!$AE$2:$AE$99999,MATCH($C19,Postcode_Summary!$C$2:$C$99999,0)),"")) | R19: =IF($A19="","",IFERROR(INDEX(Postcode_Summary!$AB$2:$AB$99999,MATCH($C19,Postcode_Summary!$C$2:$C$99999,0)),""))
... C1007: =IF($A1007="","",IFERROR(IF($B1007<>"",$A1007&"|"&$B1007,$A1007&"|"&INDEX(Postcode_Summary!$B$2:$B$99999,MATCH($A1007,Postcode_Summary!$A$2:$A$99999,0))),"")) | D1007: =IF($A1007="","",IFERROR(INDEX(Postcode_Summary!$D$2:$D$99999,MATCH($C1007,Postcode_Summary!$C$2:$C$99999,0)),IF($C1007="","⚠ Postcode not recognised","⚠ State mismatch"))) | E1007: =IF($A1007="","",IFERROR(INDEX(Postcode_Summary!$Q$2:$Q$99999,MATCH($C1007,Postcode_Summary!$C$2:$C$99999,0)),"")) | F1007: =IF($A1007="","",IFERROR(INDEX(Postcode_Summary!$R$2:$R$99999,MATCH($C1007,Postcode_Summary!$C$2:$C$99999,0)),"")) | G1007: =IF($A1007="","",IFERROR(VLOOKUP($E1007,Shipping_Zones!$A$7:$B$14,2,FALSE()),"")) | H1007: =IF($A1007="","",IFERROR(INDEX(Postcode_Summary!$H$2:$H$99999,MATCH($C1007,Postcode_Summary!$C$2:$C$99999,0)),"")) | I1007: =IF($A1007="","",IFERROR(INDEX(Shipping_Zones!$E$2:$E$5,MATCH($G1007,Shipping_Zones!$A$2:$A$5,0)),"")) | J1007: =IF($A1007="","",IFERROR(INDEX(Shipping_Zones!$D$2:$D$5,MATCH($G1007,Shipping_Zones!$A$2:$A$5,0)),"")) | K1007: =IF($A1007="","",IF(IFERROR(MATCH($C1007,Postcode_Summary!$C$2:$C$99999,0),"ERR")="ERR","⚠ Check postcode/state",IF($H1007=TRUE(),"PO Box flagged in source data",""))) | L1007: =IF($A1007="","",IFERROR(INDEX(Postcode_Summary!$T$2:$T$99999,MATCH($C1007,Postcode_Summary!$C$2:$C$99999,0)),"")) | M1007: =IF($A1007="","",IFERROR(INDEX(Postcode_Summary!$X$2:$X$99999,MATCH($C1007,Postcode_Summary!$C$2:$C$99999,0)),"")) | N1007: =IF($A1007="","",IFERROR(INDEX(Postcode_Summary!$Z$2:$Z$99999,MATCH($C1007,Postcode_Summary!$C$2:$C$99999,0)),"")) | O1007: =IF($A1007="","",IFERROR(INDEX(Postcode_Summary!$V$2:$V$99999,MATCH($C1007,Postcode_Summary!$C$2:$C$99999,0)),"")) | P1007: =IF($A1007="","",IFERROR(INDEX(Postcode_Summary!$AD$2:$AD$99999,MATCH($C1007,Postcode_Summary!$C$2:$C$99999,0)),"")) | Q1007: =IF($A1007="","",IFERROR(INDEX(Postcode_Summary!$AE$2:$AE$99999,MATCH($C1007,Postcode_Summary!$C$2:$C$99999,0)),"")) | R1007: =IF($A1007="","",IFERROR(INDEX(Postcode_Summary!$AB$2:$AB$99999,MATCH($C1007,Postcode_Summary!$C$2:$C$99999,0)),""))

Sheet Shopify_Zones
A1: Shopify Shipping Zone Postcodes
A2: Copy-paste these comma-separated lists directly into Shopify shipping zone postcode fields.
A3: Generated from Shipping_MMM classifications. Last updated: 18 Feb 2026.
A5: Zone 1: Metro (MMM1)
A6: Free shipping eligible. Use for Shopify "Rest of Australia" exclusion or metro-only free shipping rules.
A7: Postcode count: 1167
A8: 200,1100,1215,1220,1225,1230,1231,1235,1239,1240,1291,1300,1335,1340,1350,1355,1360,1405,1435,1445,1450,1455,1460,1465,1466,1470,1475,1480,1481,1485,1490,1495,1499,1515,1560,1565,1570,1585,1590,1595,1630,1635,1640,1655,1660,1670,1675,1680,1685,1700,1710,1715,1730,1750,1755,1765,1790,1800,1805,1825,1835,1851,1860,1871,1874,1875,1885,1890,2000,2001,2002,2004,2006,2007,2008,2009,2010,2011,2012,2015,2016,2017,2018,2019,2020,2021,2022,2023,2024,2025,2026,2027,2028,2029,2030,2031,2032,2033,2034,2035,2036,2037,2038,2039,2040,2041,2042,2043,2044,2045,2046,2047,2048,2049,2050,2052,2055,2057,2059,2060,2061,2062,2063,2064,2065,2066,2067,2068,2069,2070,2071,2072,2073,2074,2075,2076,2077,2079,2080,2084,2085,2086,2087,2088,2089,2090,2091,2092,2093,2094,2095,2096,2097,2099,2100,2101,2102,2103,2104,2105,2106,2107,2108,2109,2110,2111,2112,2113,2114,2115,2116,2117,2118,2119,2120,2121,2122,2123,2124,2125,2126,2127,2128,2129,2130,2131,2132,2133,2134,2135,2136,2137,2138,2139,2140,2141,2142,2143,2144,2145,2146,2147,2148,2150,2151,2152,2153,2154,2155,2156,2158,2160,2161,2162,2163,2164,2165,2166,2167,2168,2170,2171,2172,2174,2175,2176,2177,2178,2179,2190,2191,2192,2193,2194,2195,2196,2197,2198,2199,2200,2203,2204,2205,2206,2207,2208,2209,2210,2211,2212,2213,2214,2216,2217,2218,2219,2220,2221,2222,2223,2224,2225,2226,2227,2228,2229,2230,2231,2234,2251,2252,2257,2260,2261,2262,2263,2264,2267,2278,2280,2282,2283,2284,2285,2286,2287,2289,2290,2291,2292,2293,2294,2295,2296,2297,2298,2299,2300,2302,2303,2304,2305,2306,2307,2308,2309,2310,2322,2327,2485,2486,2487,2488,2489,2490,2500,2502,2505,2506,2515,2516,2517,2518,2519,2520,2522,2525,2528,2529,2530,2556,2557,2558,2559,2563,2564,2565,2566,2567,2568,2600,2601,2602,2603,2604,2605,2606,2607,2608,2609,2610,2612,2614,2615,2616,2617,2619,2747,2748,2749,2750,2751,2753,2754,2759,2760,2761,2762,2763,2765,2766,2767,2768,2769,2770,2773,2774,2776,2777,2778,2779,2780,2782,2783,2784,2890,2891,2901,2902,2903,2904,2905,2906,2911,2912,2913,2914,3000,3001,3002,3003,3004,3006,3008,3010,3011,3012,3013,3015,3016,3018,3019,3020,3021,3022,3023,3024,3025,3026,3027,3028,3029,3031,3032,3033,3034,3036,3037,3038,3039,3040,3041,3042,3043,3044,3045,3046,3047,3048,3049,3050,3051,3052,3053,3054,3055,3056,3057,3058,3059,3060,3061,3062,3063,3064,3065,3066,3067,3068,3070,3071,3072,3073,3074,3075,3076,3078,3079,3081,3082,3083,3084,3085,3086,3087,3088,3089,3090,3091,3093,3094,3095,3096,3097,3101,3102,3103,3104,3105,3106,3107,3108,3109,3111,3113,3114,3115,3116,3121,3122,3123,3124,3125,3126,3127,3128,3129,3130,3131,3132,3133,3134,3135,3136,3137,3138,3140,3141,3142,3143,3144,3145,3146,3147,3148,3149,3150,3151,3152,3153,3154,3155,3156,3158,3159,3160,3161,3162,3163,3164,3165,3166,3167,3168,3169,3170,3171,3172,3173,3174,3175,3176,3177,3178,3179,3180,3181,3182,3183,3184,3185,3186,3187,3188,3189,3190,3191,3192,3193,3194,3195,3196,3197,3198,3199,3200,3201,3202,3204,3205,3206,3207,3214,3215,3216,3219,3220,3224,3335,3336,3337,3427,3428,3429,3750,3751,3752,3754,3755,3759,3765,3766,3767,3781,3782,3785,3786,3787,3788,3789,3791,3792,3793,3795,3796,3800,3802,3803,3804,3805,3806,3807,3808,3910,3911,3912,3913,3915,3918,3919,3920,3926,3927,3930,3931,3933,3934,3936,3938,3940,3941,3942,3943,3944,3975,3976,3977,3978,4000,4001,4002,4003,4004,4005,4006,4007,4008,4009,4010,4011,4012,4013,4014,4017,4018,4019,4020,4021,4022,4029,4030,4031,4032,4034,4035,4036,4037,4051,4053,4054,4055,4059,4060,4061,4064,4065,4066,4067,4068,4069,4070,4072,4073,4074,4075,4076,4077,4078,4101,4102,4103,4104,4105,4106,4107,4108,4109,4110,4111,4112,4113,4114,4115,4116,4117,4118,4119,4120,4121,4122,4123,4124,4125,4127,4128,4129,4130,4131,4132,4133,4151,4152,4153,4154,4155,4156,4157,4158,4159,4160,4161,4163,4164,4165,4169,4170,4171,4172,4173,4174,4178,4179,4205,4207,4208,4209,4210,4212,4213,4214,4215,4216,4217,4218,4219,4220,4221,4222,4224,4225,4226,4227,4230,4271,4272,4300,4301,4303,4304,4305,4500,4501,4502,4503,4504,4505,4506,4508,4509,4510,4511,4512,4513,4516,4551,4556,4557,4558,4559,4564,4566,4567,4572,4573,4575,5000,5001,5005,5006,5007,5008,5009,5010,5011,5012,5013,5014,5015,5016,5017,5018,5019,5020,5021,5022,5023,5024,5025,5031,5032,5033,5034,5035,5037,5038,5039,5040,5041,5042,5043,5044,5045,5046,5047,5048,5049,5050,5051,5052,5061,5062,5063,5064,5065,5066,5067,5068,5069,5070,5071,5072,5073,5074,5075,5076,5081,5082,5083,5084,5085,5086,5087,5088,5089,5090,5091,5092,5093,5094,5095,5096,5097,5098,5106,5107,5108,5109,5110,5111,5112,5113,5115,5116,5117,5118,5121,5125,5126,5127,5136,5137,5140,5141,5142,5150,5151,5152,5154,5155,5156,5158,5159,5160,5161,5162,5163,5164,5165,5166,5167,5168,5169,5170,5171,5173,5174,5800,5801,5810,5839,5942,5950,6000,6001,6003,6004,6005,6006,6007,6008,6009,6010,6011,6012,6014,6015,6016,6017,6018,6019,6020,6021,6022,6023,6024,6025,6026,6027,6028,6029,6030,6031,6032,6033,6034,6036,6038,6050,6051,6052,6053,6054,6055,6056,6057,6058,6059,6060,6061,6062,6063,6064,6065,6066,6067,6068,6069,6070,6071,6072,6073,6077,6079,6081,6090,6100,6101,6102,6103,6104,6105,6106,6107,6108,6109,6110,6112,6121,6123,6147,6148,6149,6150,6151,6152,6153,6154,6155,6156,6157,6158,6159,6160,6162,6163,6164,6165,6166,6167,6168,6169,6170,6171,6172,6173,6174,6175,6176,6180,6181,6182,6209,6210,6800,6809,6827,6830,6831,6837,6838,6839,6840,6841,6842,6843,6844,6845,6846,6847,6848,6849,6850,6865,6872,6892,6900,6901,6902,6903,6904,6905,6906,6907,6909,6910,6911,6912,6913,6914,6915,6916,6917,6918,6919,6920,6921,6922,6923,6924,6925,6926,6929,6931,6932,6933,6934,6935,6936,6939,6941,6942,6943,6944,6946,6947,6951,6952,6953,6954,6955,6956,6957,6958,6959,6960,6961,6963,6964,6965,6966,6967,6968,6969,6970,6979,6981,6982,6983,6984,6985,6986,6987,6988,6989,6990,6991,6992,6997,8001,8002,8003,8004,8006,8007,8008,8009,8010,8011,8012,8045,8051,8066,8069,8070,8071,8102,8107,8111,8120,8205,8383,8438,8511,8785,9464,9726,9999
A10: Zone 2: Regional (MMM2–3)
A11: Regional centres and large rural towns. Standard shipping rates.
A12: Postcode count: 303
A13: 800,801,803,804,810,811,812,813,814,815,820,821,828,829,832,834,835,836,839,906,907,909,2081,2082,2083,2157,2173,2232,2233,2256,2258,2265,2281,2318,2320,2323,2326,2334,2426,2430,2452,2477,2478,2508,2526,2527,2533,2541,2555,2560,2569,2570,2571,2574,2576,2618,2641,2651,2661,2678,2717,2739,2745,2752,2757,2785,2900,3030,3099,3139,3211,3212,3213,3217,3222,3223,3225,3226,3227,3228,3275,3278,3280,3281,3282,3331,3334,3338,3340,3350,3352,3353,3354,3355,3356,3357,3358,3363,3400,3430,3432,3453,3498,3500,3515,3550,3551,3552,3554,3555,3556,3557,3564,3614,3622,3629,3631,3632,3633,3634,3677,3688,3689,3690,3746,3753,3757,3758,3760,3761,3762,3770,3775,3809,3810,3812,3813,3814,3824,3840,3841,3842,3844,3854,3916,3928,3929,3937,3939,3980,3981,4223,4228,4270,4280,4306,4344,4345,4346,4350,4400,4507,4517,4518,4519,4520,4550,4553,4554,4555,4560,4561,4562,4563,4568,4655,4659,4662,4670,4700,4710,4711,4740,4750,4751,4811,4812,4813,4814,4865,4868,4869,4878,4879,5114,5120,5131,5132,5133,5134,5138,5139,5144,5153,5157,5172,5202,5211,5212,5213,5231,5232,5233,5240,5242,5243,5245,5250,5251,5252,5290,5350,5371,5400,5600,5608,5609,6035,6037,6074,6076,6078,6083,6111,6122,6125,6208,6211,6214,6223,6224,6226,6227,6228,6229,6230,6231,6232,6233,6237,6271,6280,6281,6432,6433,6530,6531,6556,6558,7000,7001,7002,7004,7005,7006,7007,7008,7009,7010,7011,7012,7015,7016,7017,7018,7019,7020,7021,7024,7025,7050,7051,7052,7053,7054,7055,7155,7170,7171,7173,7248,7249,7250,7267,7268,7277,7290,7291,7292,7300,7301,7320,7322
A15: Zone 3: Rural (MMM4–5)
... A38: 200,801,803,804,811,813,814,815,821,831,851,861,871,881,906,907,909,1100,1215,1220,1225,1230,1231,1235,1239,1240,1291,1300,1335,1340,1350,1355,1360,1405,1435,1445,1450,1455,1460,1465,1466,1470,1475,1480,1481,1485,1490,1495,1499,1515,1560,1565,1570,1585,1590,1595,1630,1635,1640,1655,1660,1670,1675,1680,1685,1700,1710,1715,1730,1750,1755,1765,1790,1800,1805,1825,1835,1851,1860,1871,1874,1875,1885,1890,2001,2002,2004,2006,2012,2052,2055,2057,2059,2091,2109,2123,2124,2129,2139,2252,2309,2310,2331,2348,2351,2442,2520,2522,2608,2610,2616,2708,2751,2891,2901,3001,3050,3086,3164,3176,3353,3354,3402,3502,3552,3554,3619,3632,3643,3661,3671,3676,3689,3694,3724,3736,3800,3841,3853,4001,4002,4003,4004,4029,4072,4219,4222,4230,4271,4345,4803,4813,5001,5005,5071,5800,5801,5810,5839,5942,6001,6231,6331,6332,6433,6531,6731,6799,6800,6809,6827,6830,6831,6837,6838,6839,6840,6841,6842,6843,6844,6845,6846,6847,6848,6849,6850,6865,6872,6892,6900,6901,6902,6903,6904,6905,6906,6907,6909,6910,6911,6912,6913,6914,6915,6916,6917,6918,6919,6920,6921,6922,6923,6924,6925,6926,6929,6931,6932,6933,6934,6935,6936,6939,6941,6942,6943,6944,6946,6947,6951,6952,6953,6954,6955,6956,6957,6958,6959,6960,6961,6963,6964,6965,6966,6967,6968,6969,6970,6979,6981,6982,6983,6984,6985,6986,6987,6988,6989,6990,6991,6992,6997,7001,7002,7006,7051,8001,8002,8003,8004,8006,8007,8008,8009,8010,8011,8012,8045,8051,8066,8069,8070,8071,8102,8107,8111,8120,8205,8383,8438,8511,8785,9464,9726

Sheet Postcode_Summary
A1: Postcode | B1: State | C1: PC_State_Key | D1: RepresentativePlace | E1: PlaceSample_5 | F1: PlaceCount | G1: UniquePlaces | H1: Any_POBox | I1: DeliveryType | J1: Qualifier | K1: MMM_2023_Primary | L1: MMM_2023_PrimaryLabel | M1: MMM_2023_PrimaryShare | N1: MMM_2023_Breakdown | O1: MMM_2023_PrimaryArea_km2 | P1: POA_Area_km2 | Q1: Shipping_MMM | R1: Shipping_MMMLabel | S1: Shipping_MMM_Source | T1: NSW_LHD | U1: NSW_LHD_Code | V1: ERP_2021 | W1: Indigenous_Pop | X1: Indigenous_Pct | Y1: IRSD_Score | Z1: IRSD_Decile | AA1: RA_Approx | AB1: RA_Label | AC1: RA_Source | AD1: PHN_Code | AE1: PHN_Name | AF1: PHN_Ratio | AG1: PHN_Split_Note
A2: 200 | B2: ACT | C2: 200|ACT | D2: Australian National University | E2: Australian National University | F2: 1 | G2: 1 | H2: =TRUE() | I2: Post Office Boxes | J2: PO BOXES | Q2: 1 | R2: MMM1 - Metropolitan area | S2: Metro PO Box/LVR (no POA; assigned from metro postcode range) | T2: Sydney LHD | U2: X700 | AA2: 1 | AB2: RA1 - Major cities of Australia | AC2: Approximate: derived from Shipping_MMM via standard MMM→RA mapping | AD2: PHN801 | AE2: Australian Capital Territory | AG2: Inferred (Single-state PHN)
A3: 800 | B3: NT | C3: 800|NT | D3: Darwin City | E3: Darwin City | F3: 1 | G3: 1 | H3: =FALSE() | K3: 2 | L3: MMM2 - Regional centre | M3: 1 | N3: 2:100.0% | O3: 3.1738 | P3: 3.1731 | Q3: 2 | R3: MMM2 - Regional centre | S3: MMM 2023 (POA concordance) | V3: 7149 | W3: 249 | X3: 3.5 | Y3: 1064.3 | Z3: 9 | AA3: 2 | AB3: RA2 - Inner regional Australia | AC3: Approximate: derived from Shipping_MMM via standard MMM→RA mapping (MMM2-3 both map to RA2) | AD3: PHN701 | AE3: Northern Territory | AF3: 1
A4: 801 | B4: NT | C4: 801|NT | D4: Darwin | E4: Darwin | F4: 1 | G4: 1 | H4: =TRUE() | I4: Post Office Boxes | J4: GPO BOXES & BAGS | Q4: 2 | R4: MMM2 - Regional centre | S4: No POA; assigned from nearest classified postcode | AA4: 2 | AB4: RA2 - Inner regional Australia | AC4: Approximate: derived from Shipping_MMM via standard MMM→RA mapping (MMM2-3 both map to RA2) | AD4: PHN701 | AE4: Northern Territory | AG4: Inferred (Single-state PHN)
A5: 803 | B5: NT | C5: 803|NT | D5: Wagait Beach | E5: Wagait Beach | F5: 1 | G5: 1 | H5: =TRUE() | I5: Post Office Boxes | J5: PO BOXES | Q5: 2 | R5: MMM2 - Regional centre | S5: No POA; assigned from nearest classified postcode | AA5: 2 | AB5: RA2 - Inner regional Australia | AC5: Approximate: derived from Shipping_MMM via standard MMM→RA mapping (MMM2-3 both map to RA2) | AD5: PHN701 | AE5: Northern Territory | AG5: Inferred (Single-state PHN)
A6: 804 | B6: NT | C6: 804|NT | D6: Parap | E6: Parap | F6: 1 | G6: 1 | H6: =TRUE() | I6: Post Office Boxes | J6: PO BOXES | Q6: 2 | R6: MMM2 - Regional centre | S6: No POA; assigned from nearest classified postcode | AA6: 2 | AB6: RA2 - Inner regional Australia | AC6: Approximate: derived from Shipping_MMM via standard MMM→RA mapping (MMM2-3 both map to RA2) | AD6: PHN701 | AE6: Northern Territory | AG6: Inferred (Single-state PHN)
A7: 810 | B7: NT | C7: 810|NT | D7: Alawa | E7: Alawa, Brinkin, Casuarina, Coconut Grove, Jingili | F7: 16 | G7: 16 | H7: =FALSE() | K7: 2 | L7: MMM2 - Regional centre | M7: 1 | N7: 2:100.0% | O7: 24.4286 | P7: 24.4283 | Q7: 2 | R7: MMM2 - Regional centre | S7: MMM 2023 (POA concordance) | V7: 34330 | W7: 2623 | X7: 7.6 | Y7: 1026.8 | Z7: 7 | AA7: 2 | AB7: RA2 - Inner regional Australia | AC7: Approximate: derived from Shipping_MMM via standard MMM→RA mapping (MMM2-3 both map to RA2) | AD7: PHN701 | AE7: Northern Territory | AF7: 1
A8: 811 | B8: NT | C8: 811|NT | D8: Casuarina | E8: Casuarina | F8: 1 | G8: 1 | H8: =TRUE() | I8: Post Office Boxes | J8: PO BOXES | Q8: 2 | R8: MMM2 - Regional centre | S8: No POA; assigned from nearest classified postcode | AA8: 2 | AB8: RA2 - Inner regional Australia | AC8: Approximate: derived from Shipping_MMM via standard MMM→RA mapping (MMM2-3 both map to RA2) | AD8: PHN701 | AE8: Northern Territory | AG8: Inferred (Single-state PHN)
A9: 812 | B9: NT | C9: 812|NT | D9: Anula | E9: Anula, Buffalo Creek, Holmes, Karama, Leanyer | F9: 8 | G9: 8 | H9: =FALSE() | K9: 2 | L9: MMM2 - Regional centre | M9: 1 | N9: 2:100.0% | O9: 35.8897 | P9: 35.8899 | Q9: 2 | R9: MMM2 - Regional centre | S9: MMM 2023 (POA concordance) | V9: 18634 | W9: 2778 | X9: 14.9 | Y9: 981.1 | Z9: 4 | AA9: 2 | AB9: RA2 - Inner regional Australia | AC9: Approximate: derived from Shipping_MMM via standard MMM→RA mapping (MMM2-3 both map to RA2) | AD9: PHN701 | AE9: Northern Territory | AF9: 1
A10: 813 | B10: NT | C10: 813|NT | D10: Karama | E10: Karama | F10: 1 | G10: 1 | H10: =TRUE() | I10: Post Office Boxes | J10: PO BOXES | Q10: 2 | R10: MMM2 - Regional centre | S10: No POA; assigned from nearest classified postcode | AA10: 2 | AB10: RA2 - Inner regional Australia | AC10: Approximate: derived from Shipping_MMM via standard MMM→RA mapping (MMM2-3 both map to RA2) | AD10: PHN701 | AE10: Northern Territory | AG10: Inferred (Single-state PHN)
A11: 814 | B11: NT | C11: 814|NT | D11: Nightcliff | E11: Nightcliff | F11: 1 | G11: 1 | H11: =TRUE() | I11: Post Office Boxes | J11: PO BOXES | Q11: 2 | R11: MMM2 - Regional centre | S11: No POA; assigned from nearest classified postcode | AA11: 2 | AB11: RA2 - Inner regional Australia | AC11: Approximate: derived from Shipping_MMM via standard MMM→RA mapping (MMM2-3 both map to RA2) | AD11: PHN701 | AE11: Northern Territory | AG11: Inferred (Single-state PHN)
A12: 815 | B12: NT | C12: 815|NT | D12: Charles Darwin University | E12: Charles Darwin University | F12: 1 | G12: 1 | H12: =TRUE() | I12: Post Office Boxes | J12: PO BOXES | Q12: 2 | R12: MMM2 - Regional centre | S12: No POA; assigned from nearest classified postcode | AA12: 2 | AB12: RA2 - Inner regional Australia | AC12: Approximate: derived from Shipping_MMM via standard MMM→RA mapping (MMM2-3 both map to RA2) | AD12: PHN701 | AE12: Northern Territory | AG12: Inferred (Single-state PHN)
A13: 820 | B13: NT | C13: 820|NT | D13: Bayview | E13: Bayview, Charles Darwin, Coonawarra, Darwin Dc, East Point | F13: 15 | G13: 15 | H13: =FALSE() | K13: 2 | L13: MMM2 - Regional centre | M13: 1 | N13: 2:100.0% | O13: 39.064 | P13: 39.0642 | Q13: 2 | R13: MMM2 - Regional centre | S13: MMM 2023 (POA concordance) | V13: 19920 | W13: 1191 | X13: 6 | Y13: 1061.3 | Z13: 9 | AA13: 2 | AB13: RA2 - Inner regional Australia | AC13: Approximate: derived from Shipping_MMM via standard MMM→RA mapping (MMM2-3 both map to RA2) | AD13: PHN701 | AE13: Northern Territory | AF13: 1
A14: 821 | B14: NT | C14: 821|NT | D14: Winnellie | E14: Winnellie | F14: 1 | G14: 1 | H14: =TRUE() | I14: Post Office Boxes | J14: PO BOXES | Q14: 2 | R14: MMM2 - Regional centre | S14: No POA; assigned from nearest classified postcode | AA14: 2 | AB14: RA2 - Inner regional Australia | AC14: Approximate: derived from Shipping_MMM via standard MMM→RA mapping (MMM2-3 both map to RA2) | AD14: PHN701 | AE14: Northern Territory | AG14: Inferred (Single-state PHN)
A15: 822 | B15: NT | C15: 822|NT | D15: Acacia Hills | E15: Acacia Hills, Angurugu, Anindilyakwa, Bathurst Island, Bees Creek | F15: 97 | G15: 97 | H15: =FALSE() | J15: PO BAGS | K15: 7 | L15: MMM7 - Very remote community | M15: 0.6977 | N15: 7:69.8%; 6:28.8%; 5:1.2%; 2:0.2% | O15: 105190.33 | P15: 150775.8 | Q15: 7 | R15: MMM7 - Very remote community | S15: MMM 2023 (POA concordance) | V15: 25304 | W15: 17715 | X15: 70 | Y15: 601.6 | Z15: 1 | AA15: 5 | AB15: RA5 - Very remote Australia | AC15: Approximate: derived from Shipping_MMM via standard MMM→RA mapping | AD15: PHN701 | AE15: Northern Territory | AF15: 0.9995
A16: 828 | B16: NT | C16: 828|NT | D16: Berrimah | E16: Berrimah, Knuckey Lagoon | F16: 2 | G16: 2 | H16: =FALSE() | K16: 2 | L16: MMM2 - Regional centre | M16: 1 | N16: 2:100.0% | O16: 28.653 | P16: 28.6532 | Q16: 2 | R16: MMM2 - Regional centre | S16: MMM 2023 (POA concordance) | V16: 1697 | W16: 318 | X16: 18.7 | Y16: 989.3 | Z16: 5 | AA16: 2 | AB16: RA2 - Inner regional Australia | AC16: Approximate: derived from Shipping_MMM via standard MMM→RA mapping (MMM2-3 both map to RA2) | AD16: PHN701 | AE16: Northern Territory | AF16: 1
A17: 829 | B17: NT | C17: 829|NT | D17: Holtze | E17: Holtze, Pinelands | F17: 2 | G17: 2 | H17: =FALSE() | K17: 2 | L17: MMM2 - Regional centre | M17: 1 | N17: 2:100.0% | O17: 44.8404 | P17: 44.8402 | Q17: 2 | R17: MMM2 - Regional centre | S17: MMM 2023 (POA concordance) | V17: 1963 | W17: 942 | X17: 48 | Y17: 892.7 | Z17: 1 | AA17: 2 | AB17: RA2 - Inner regional Australia | AC17: Approximate: derived from Shipping_MMM via standard MMM→RA mapping (MMM2-3 both map to RA2) | AD17: PHN701 | AE17: Northern Territory | AF17: 1
A18: 830 | B18: NT | C18: 830|NT | D18: Archer | E18: Archer, Driver, Durack, Farrar, Gray | F18: 11 | G18: 11 | H18: =FALSE() | K18: 5 | L18: MMM5 - Small rural town | M18: 0.8754 | N18: 5:87.5%; 2:12.5% | O18: 205.717 | P18: 235.004 | Q18: 5 | R18: MMM5 - Small rural town | S18: MMM 2023 (POA concordance) | V18: 18501 | W18: 2856 | X18: 15.4 | Y18: 969.6 | Z18: 4 | AA18: 3 | AB18: RA3 - Outer regional Australia | AC18: Approximate: derived from Shipping_MMM via standard MMM→RA mapping (MMM4-5 both map to RA3; some MMM5 areas may be RA2) | AD18: PHN701 | AE18: Northern Territory | AF18: 1
A19: 831 | B19: NT | C19: 831|NT | D19: Palmerston | E19: Palmerston | F19: 1 | G19: 1 | H19: =TRUE() | I19: Post Office Boxes | J19: PO BOXES | Q19: 5 | R19: MMM5 - Small rural town | S19: No POA; assigned from nearest classified postcode | AA19: 3 | AB19: RA3 - Outer regional Australia | AC19: Approximate: derived from Shipping_MMM via standard MMM→RA mapping (MMM4-5 both map to RA3; some MMM5 areas may be RA2) | AD19: PHN701 | AE19: Northern Territory | AG19: Inferred (Single-state PHN)
A20: 832 | B20: NT | C20: 832|NT | D20: Bakewell | E20: Bakewell, Bellamack, Gunn, Johnston, Mitchell | F20: 7 | G20: 7 | H20: =FALSE() | K20: 2 | L20: MMM2 - Regional centre | M20: 1 | N20: 2:100.0% | O20: 19.7264 | P20: 19.7272 | Q20: 2 | R20: MMM2 - Regional centre | S20: MMM 2023 (POA concordance) | V20: 18727 | W20: 1981 | X20: 10.6 | Y20: 1048.4 | Z20: 8 | AA20: 2 | AB20: RA2 - Inner regional Australia | AC20: Approximate: derived from Shipping_MMM via standard MMM→RA mapping (MMM2-3 both map to RA2) | AD20: PHN701 | AE20: Northern Territory | AF20: 1
A21: 834 | B21: NT | C21: 834|NT | D21: Virginia | E21: Virginia | F21: 1 | G21: 1 | H21: =FALSE() | K21: 2 | L21: MMM2 - Regional centre | M21: 1 | N21: 2:100.0% | O21: 32.63 | P21: 32.6302 | Q21: 2 | R21: MMM2 - Regional centre | S21: MMM 2023 (POA concordance) | V21: 1811 | W21: 140 | X21: 7.7 | Y21: 1057.4 | Z21: 9 | AA21: 2 | AB21: RA2 - Inner regional Australia | AC21: Approximate: derived from Shipping_MMM via standard MMM→RA mapping (MMM2-3 both map to RA2) | AD21: PHN701 | AE21: Northern Territory | AF21: 1
A22: 835 | B22: NT | C22: 835|NT | D22: Howard Springs | E22: Howard Springs | F22: 1 | G22: 1 | H22: =FALSE() | K22: 2 | L22: MMM2 - Regional centre | M22: 1 | N22: 2:100.0% | O22: 76.8402 | P22: 76.8403 | Q22: 2 | R22: MMM2 - Regional centre | S22: MMM 2023 (POA concordance) | V22: 3153 | W22: 258 | X22: 8.2 | Y22: 1057.5 | Z22: 9 | AA22: 2 | AB22: RA2 - Inner regional Australia | AC22: Approximate: derived from Shipping_MMM via standard MMM→RA mapping (MMM2-3 both map to RA2) | AD22: PHN701 | AE22: Northern Territory | AF22: 1
A23: 836 | B23: NT | C23: 836|NT | D23: Girraween | E23: Girraween, Herbert, Humpty Doo | F23: 3 | G23: 3 | H23: =FALSE() | K23: 2 | L23: MMM2 - Regional centre | M23: 1 | N23: 2:100.0% | O23: 130.9305 | P23: 130.9305 | Q23: 2 | R23: MMM2 - Regional centre | S23: MMM 2023 (POA concordance) | V23: 7597 | W23: 607 | X23: 8 | Y23: 1044.2 | Z23: 8 | AA23: 2 | AB23: RA2 - Inner regional Australia | AC23: Approximate: derived from Shipping_MMM via standard MMM→RA mapping (MMM2-3 both map to RA2) | AD23: PHN701 | AE23: Northern Territory | AF23: 1
A24: 837 | B24: NT | C24: 837|NT | D24: Manton | E24: Manton, Noonamah | F24: 2 | G24: 2 | H24: =FALSE() | K24: 5 | L24: MMM5 - Small rural town | M24: 0.6401 | N24: 5:64.0%; 2:36.0% | O24: 83.7083 | P24: 130.7766 | Q24: 5 | R24: MMM5 - Small rural town | S24: MMM 2023 (POA concordance) | V24: 489 | W24: 94 | X24: 19.2 | Y24: 1011.2 | Z24: 6 | AA24: 3 | AB24: RA3 - Outer regional Australia | AC24: Approximate: derived from Shipping_MMM via standard MMM→RA mapping (MMM4-5 both map to RA3; some MMM5 areas may be RA2) | AD24: PHN701 | AE24: Northern Territory | AF24: 1
A25: 838 | B25: NT | C25: 838|NT | D25: Berry Springs | E25: Berry Springs | F25: 1 | G25: 1 | H25: =FALSE() | K25: 5 | L25: MMM5 - Small rural town | M25: 0.5467 | N25: 5:54.7%; 2:45.3% | O25: 47.2024 | P25: 86.3366 | Q25: 5 | R25: MMM5 - Small rural town | S25: MMM 2023 (POA concordance) | V25: 870 | W25: 74 | X25: 8.5 | Y25: 987.7 | Z25: 5 | AA25: 3 | AB25: RA3 - Outer regional Australia | AC25: Approximate: derived from Shipping_MMM via standard MMM→RA mapping (MMM4-5 both map to RA3; some MMM5 areas may be RA2) | AD25: PHN701 | AE25: Northern Territory | AF25: 1
A26: 839 | B26: NT | C26: 839|NT | D26: Coolalinga | E26: Coolalinga | F26: 1 | G26: 1 | H26: =FALSE() | K26: 2 | L26: MMM2 - Regional centre | M26: 1 | N26: 2:100.0% | O26: 1.1346 | P26: 1.1346 | Q26: 2 | R26: MMM2 - Regional centre | S26: MMM 2023 (POA concordance) | V26: 510 | W26: 59 | X26: 11.6 | Y26: 953 | Z26: 3 | AA26: 2 | AB26: RA2 - Inner regional Australia | AC26: Approximate: derived from Shipping_MMM via standard MMM→RA mapping (MMM2-3 both map to RA2) | AD26: PHN701 | AE26: Northern Territory | AF26: 1
A27: 840 | B27: NT | C27: 840|NT | D27: Dundee Beach | E27: Dundee Beach, Dundee Downs, Dundee Forest | F27: 3 | G27: 3 | H27: =FALSE() | K27: 6 | L27: MMM6 - Remote community | M27: 1 | N27: 6:100.0% | O27: 290.5634 | P27: 290.5631 | Q27: 6 | R27: MMM6 - Remote community | S27: MMM 2023 (POA concordance) | V27: 457 | W27: 49 | X27: 10.7 | Y27: 867.8 | Z27: 1 | AA27: 4 | AB27: RA4 - Remote Australia | AC27: Approximate: derived from Shipping_MMM via standard MMM→RA mapping | AD27: PHN701 | AE27: Northern Territory | AF27: 1
A28: 841 | B28: NT | C28: 841|NT | D28: Darwin River | E28: Darwin River | F28: 1 | G28: 1 | H28: =FALSE() | K28: 5 | L28: MMM5 - Small rural town | M28: 1 | N28: 5:100.0% | O28: 142.2065 | P28: 142.2064 | Q28: 5 | R28: MMM5 - Small rural town | S28: MMM 2023 (POA concordance) | V28: 627 | W28: 61 | X28: 9.7 | Y28: 969.3 | Z28: 4 | AA28: 3 | AB28: RA3 - Outer regional Australia | AC28: Approximate: derived from Shipping_MMM via standard MMM→RA mapping (MMM4-5 both map to RA3; some MMM5 areas may be RA2) | AD28: PHN701 | AE28: Northern Territory | AF28: 1
A29: 845 | B29: NT | C29: 845|NT | D29: Batchelor | E29: Batchelor | F29: 1 | G29: 1 | H29: =FALSE() | K29: 6 | L29: MMM6 - Remote community | M29: 1 | N29: 6:100.0% | O29: 115.696 | P29: 115.696 | Q29: 6 | R29: MMM6 - Remote community | S29: MMM 2023 (POA concordance) | V29: 396 | W29: 119 | X29: 30.1 | Y29: 801.6 | Z29: 1 | AA29: 4 | AB29: RA4 - Remote Australia | AC29: Approximate: derived from Shipping_MMM via standard MMM→RA mapping | AD29: PHN701 | AE29: Northern Territory | AF29: 1
A30: 846 | B30: NT | C30: 846|NT | D30: Adelaide River | E30: Adelaide River | F30: 1 | G30: 1 | H30: =FALSE() | K30: 6 | L30: MMM6 - Remote community | M30: 1 | N30: 6:100.0% | O30: 146.7378 | P30: 146.7377 | Q30: 6 | R30: MMM6 - Remote community | S30: MMM 2023 (POA concordance) | V30: 317 | W30: 83 | X30: 26.2 | Y30: 925.8 | Z30: 2 | AA30: 4 | AB30: RA4 - Remote Australia | AC30: Approximate: derived from Shipping_MMM via standard MMM→RA mapping | AD30: PHN701 | AE30: Northern Territory | AF30: 1
A31: 847 | B31: NT | C31: 847|NT | D31: Pine Creek | E31: Pine Creek | F31: 1 | G31: 1 | H31: =FALSE() | K31: 6 | L31: MMM6 - Remote community | M31: 1 | N31: 6:100.0% | O31: 402.0522 | P31: 402.0523 | Q31: 6 | R31: MMM6 - Remote community | S31: MMM 2023 (POA concordance) | V31: 318 | W31: 142 | X31: 44.7 | Y31: 793.4 | Z31: 1 | AA31: 4 | AB31: RA4 - Remote Australia | AC31: Approximate: derived from Shipping_MMM via standard MMM→RA mapping | AD31: PHN701 | AE31: Northern Territory | AF31: 1
A32: 850 | B32: NT | C32: 850|NT | D32: Cossack | E32: Cossack, Emungalan, Katherine, Katherine East, Katherine South | F32: 6 | G32: 6 | H32: =FALSE() | K32: 6 | L32: MMM6 - Remote community | M32: 1 | N32: 6:100.0% | O32: 551.1507 | P32: 551.1508 | Q32: 6 | R32: MMM6 - Remote community | S32: MMM 2023 (POA concordance) | V32: 7873 | W32: 2174 | X32: 27.6 | Y32: 954.4 | Z32: 3 | AA32: 4 | AB32: RA4 - Remote Australia | AC32: Approximate: derived from Shipping_MMM via standard MMM→RA mapping | AD32: PHN701 | AE32: Northern Territory | AF32: 1
A33: 851 | B33: NT | C33: 851|NT | D33: Katherine | E33: Katherine | F33: 1 | G33: 1 | H33: =TRUE() | I33: Post Office Boxes | J33: PO BOXES | Q33: 6 | R33: MMM6 - Remote community | S33: No POA; assigned from nearest classified postcode | AA33: 4 | AB33: RA4 - Remote Australia | AC33: Approximate: derived from Shipping_MMM via standard MMM→RA mapping | AD33: PHN701 | AE33: Northern Territory | AG33: Inferred (Single-state PHN)
A34: 852 | B34: NT | C34: 852|NT | D34: Amanbidji | E34: Amanbidji, Arnold, Baines, Barunga, Beswick Creek | F34: 50 | G34: 50 | H34: =FALSE() | J34: PO BAGS | K34: 7 | L34: MMM7 - Very remote community | M34: 0.9833 | N34: 7:98.3%; 6:1.7% | O34: 434278.68 | P34: 441673.31 | Q34: 7 | R34: MMM7 - Very remote community | S34: MMM 2023 (POA concordance) | V34: 8735 | W34: 5968 | X34: 68.3 | Y34: 556.2 | Z34: 1 | AA34: 5 | AB34: RA5 - Very remote Australia | AC34: Approximate: derived from Shipping_MMM via standard MMM→RA mapping | AD34: PHN701 | AE34: Northern Territory | AF34: 1
A35: 853 | B35: NT | C35: 853|NT | D35: Tindal | E35: Tindal | F35: 1 | G35: 1 | H35: =FALSE() | K35: 6 | L35: MMM6 - Remote community | M35: 1 | N35: 6:100.0% | O35: 106.2851 | P35: 106.2851 | Q35: 6 | R35: MMM6 - Remote community | S35: MMM 2023 (POA concordance) | V35: 850 | W35: 37 | X35: 4.4 | Y35: 1145.9 | Z35: 10 | AA35: 4 | AB35: RA4 - Remote Australia | AC35: Approximate: derived from Shipping_MMM via standard MMM→RA mapping | AD35: PHN701 | AE35: Northern Territory | AF35: 1
A36: 854 | B36: NT | C36: 854|NT | D36: Borroloola | E36: Borroloola | F36: 1 | G36: 1 | H36: =FALSE() | K36: 7 | L36: MMM7 - Very remote community | M36: 1 | N36: 7:100.0% | O36: 12.5633 | P36: 12.5634 | Q36: 7 | R36: MMM7 - Very remote community | S36: MMM 2023 (POA concordance) | V36: 755 | W36: 558 | X36: 73.9 | Y36: 651.5 | Z36: 1 | AA36: 5 | AB36: RA5 - Very remote Australia | AC36: Approximate: derived from Shipping_MMM via standard MMM→RA mapping | AD36: PHN701 | AE36: Northern Territory | AF36: 1
A37: 860 | B37: NT | C37: 860|NT | D37: Tennant Creek | E37: Tennant Creek | F37: 1 | G37: 1 | H37: =FALSE() | K37: 7 | L37: MMM7 - Very remote community | M37: 1 | N37: 7:100.0% | O37: 42.0604 | P37: 42.0605 | Q37: 7 | R37: MMM7 - Very remote community | S37: MMM 2023 (POA concordance) | V37: 3080 | W37: 1707 | X37: 55.4 | Y37: 790.7 | Z37: 1 | AA37: 5 | AB37: RA5 - Very remote Australia | AC37: Approximate: derived from Shipping_MMM via standard MMM→RA mapping | AD37: PHN701 | AE37: Northern Territory | AF37: 1
A38: 861 | B38: NT | C38: 861|NT | D38: Tennant Creek | E38: Tennant Creek | F38: 1 | G38: 1 | H38: =TRUE() | I38: Post Office Boxes | J38: PO BOXES | Q38: 7 | R38: MMM7 - Very remote community | S38: No POA; assigned from nearest classified postcode | AA38: 5 | AB38: RA5 - Very remote Australia | AC38: Approximate: derived from Shipping_MMM via standard MMM→RA mapping | AD38: PHN701 | AE38: Northern Territory | AG38: Inferred (Single-state PHN)
A39: 862 | B39: NT | C39: 862|NT | D39: Calvert | E39: Calvert, Elliott, Newcastle Waters, Nicholson, Pamayu | F39: 7 | G39: 7 | H39: =FALSE() | J39: PO BAGS | K39: 7 | L39: MMM7 - Very remote community | M39: 1 | N39: 7:100.0% | O39: 117528.15 | P39: 117528.15 | Q39: 7 | R39: MMM7 - Very remote community | S39: MMM 2023 (POA concordance) | V39: 715 | W39: 368 | X39: 51.5 | Y39: 805.9 | Z39: 1 | AA39: 5 | AB39: RA5 - Very remote Australia | AC39: Approximate: derived from Shipping_MMM via standard MMM→RA mapping | AD39: PHN701 | AE39: Northern Territory | AF39: 1
A40: 870 | B40: NT | C40: 870|NT | D40: Alice Springs | E40: Alice Springs, Araluen, Braitling, Ciccone, Desert Springs | F40: 11 | G40: 11 | H40: =FALSE() | K40: 6 | L40: MMM6 - Remote community | M40: 1 | N40: 6:100.0% | O40: 59.6122 | P40: 59.6121 | Q40: 6 | R40: MMM6 - Remote community | S40: MMM 2023 (POA concordance) | V40: 20341 | W40: 3903 | X40: 19.2 | Y40: 999.3 | Z40: 5 | AA40: 4 | AB40: RA4 - Remote Australia | AC40: Approximate: derived from Shipping_MMM via standard MMM→RA mapping | AD40: PHN701 | AE40: Northern Territory | AF40: 1
A41: 871 | B41: NT | C41: 871|NT | D41: Alice Springs | E41: Alice Springs | F41: 1 | G41: 1 | H41: =TRUE() | I41: Post Office Boxes | J41: PO BOXES | Q41: 6 | R41: MMM6 - Remote community | S41: No POA; assigned from nearest classified postcode | AA41: 4 | AB41: RA4 - Remote Australia | AC41: Approximate: derived from Shipping_MMM via standard MMM→RA mapping | AD41: PHN701 | AE41: Northern Territory | AG41: Inferred (Single-state PHN)
A42: 872 | B42: NT | C42: 872|NT | D42: Ali Curung | E42: Ali Curung, Alice Springs, Ampilatwatja, Anatye, Anmatjere | F42: 54 | G42: 54 | H42: =FALSE() | J42: PO BAGS | K42: 7 | L42: MMM7 - Very remote community | M42: 0.957 | N42: 7:95.7%; 6:4.3% | O42: 946539.85 | P42: 989085.53 | Q42: 7 | R42: MMM7 - Very remote community | S42: MMM 2023 (POA concordance) | V42: 14676 | W42: 11790 | X42: 80.3 | Y42: 559.5 | Z42: 1 | AA42: 5 | AB42: RA5 - Very remote Australia | AC42: Approximate: derived from Shipping_MMM via standard MMM→RA mapping | AD42: PHN701 | AE42: Northern Territory | AF42: 0.765 | AG42: Split: PHN701:77%, PHN402:16%, PHN503:8%
A43: 872 | B43: SA | C43: 872|SA | D43: Amata | E43: Amata, Anangu Pitjantjatjara Yankunytjatjara, Ayers Range South, De Rose Hill, Ernabella (Pukatja) | F43: 21 | G43: 21 | H43: =FALSE() | K43: 7 | L43: MMM7 - Very remote community | M43: 0.957 | N43: 7:95.7%; 6:4.3% | O43: 946539.85 | P43: 989085.53 | Q43: 7 | R43: MMM7 - Very remote community | S43: MMM 2023 (POA concordance) | V43: 14676 | W43: 11790 | X43: 80.3 | Y43: 559.5 | Z43: 1 | AA43: 5 | AB43: RA5 - Very remote Australia | AC43: Approximate: derived from Shipping_MMM via standard MMM→RA mapping | AD43: PHN701 | AE43: Northern Territory | AF43: 0.765 | AG43: Split: PHN701:77%, PHN402:16%, PHN503:8%
A44: 872 | B44: WA | C44: 872|WA | D44: Gibson Desert North | E44: Gibson Desert North, Gibson Desert South, Irrunytju, Kanpa, Kiwirrkurra | F44: 14 | G44: 14 | H44: =FALSE() | K44: 7 | L44: MMM7 - Very remote community | M44: 0.957 | N44: 7:95.7%; 6:4.3% | O44: 946539.85 | P44: 989085.53 | Q44: 7 | R44: MMM7 - Very remote community | S44: MMM 2023 (POA concordance) | V44: 14676 | W44: 11790 | X44: 80.3 | Y44: 559.5 | Z44: 1 | AA44: 5 | AB44: RA5 - Very remote Australia | AC44: Approximate: derived from Shipping_MMM via standard MMM→RA mapping | AD44: PHN701 | AE44: Northern Territory | AF44: 0.765 | AG44: Split: PHN701:77%, PHN402:16%, PHN503:8%
A45: 873 | B45: NT | C45: 873|NT | D45: Amoonguna | E45: Amoonguna, Arumbera, Connellan, Heavitree Gap Cpa, Ilparpa | F45: 7 | G45: 7 | H45: =FALSE() | J45: PO BOXES | K45: 6 | L45: MMM6 - Remote community | M45: 1 | N45: 6:100.0% | O45: 172.5251 | P45: 172.5253 | Q45: 6 | R45: MMM6 - Remote community | S45: MMM 2023 (POA concordance) | V45: 2756 | W45: 795 | X45: 28.8 | Y45: 917.9 | Z45: 2 | AA45: 4 | AB45: RA4 - Remote Australia | AC45: Approximate: derived from Shipping_MMM via standard MMM→RA mapping | AD45: PHN701 | AE45: Northern Territory | AF45: 1
A46: 874 | B46: NT | C46: 874|NT | D46: Irlpme | E46: Irlpme, Mount Johns, Undoolya | F46: 3 | G46: 3 | H46: =FALSE() | K46: 6 | L46: MMM6 - Remote community | M46: 1 | N46: 6:100.0% | O46: 72.1518 | P46: 72.1518 | Q46: 6 | R46: MMM6 - Remote community | S46: MMM 2023 (POA concordance) | V46: 554 | W46: 33 | X46: 6 | Y46: 1120.2 | Z46: 10 | AA46: 4 | AB46: RA4 - Remote Australia | AC46: Approximate: derived from Shipping_MMM via standard MMM→RA mapping | AD46: PHN701 | AE46: Northern Territory | AF46: 1
A47: 875 | B47: NT | C47: 875|NT | D47: Flynn | E47: Flynn, Larapinta | F47: 2 | G47: 2 | H47: =FALSE() | K47: 6 | L47: MMM6 - Remote community | M47: 1 | N47: 6:100.0% | O47: 29.0123 | P47: 29.0124 | Q47: 6 | R47: MMM6 - Remote community | S47: MMM 2023 (POA concordance) | V47: 2482 | W47: 834 | X47: 33.6 | Y47: 945.2 | Z47: 3 | AA47: 4 | AB47: RA4 - Remote Australia | AC47: Approximate: derived from Shipping_MMM via standard MMM→RA mapping | AD47: PHN701 | AE47: Northern Territory | AF47: 1
A48: 880 | B48: NT | C48: 880|NT | D48: Gapuwiyak | E48: Gapuwiyak, Gunyangara, Nhulunbuy, Yirrkala | F48: 4 | G48: 4 | H48: =FALSE() | K48: 7 | L48: MMM7 - Very remote community | M48: 1 | N48: 7:100.0% | O48: 88.6673 | P48: 88.6672 | Q48: 7 | R48: MMM7 - Very remote community | S48: MMM 2023 (POA concordance) | V48: 4953 | W48: 1735 | X48: 35 | Y48: 928.5 | Z48: 2 | AA48: 5 | AB48: RA5 - Very remote Australia | AC48: Approximate: derived from Shipping_MMM via standard MMM→RA mapping | AD48: PHN701 | AE48: Northern Territory | AF48: 1
A49: 881 | B49: NT | C49: 881|NT | D49: Nhulunbuy | E49: Nhulunbuy | F49: 1 | G49: 1 | H49: =TRUE() | I49: Post Office Boxes | J49: PO BOXES & BAGS | Q49: 7 | R49: MMM7 - Very remote community | S49: No POA; assigned from nearest classified postcode | AA49: 5 | AB49: RA5 - Very remote Australia | AC49: Approximate: derived from Shipping_MMM via standard MMM→RA mapping | AD49: PHN701 | AE49: Northern Territory | AG49: Inferred (Single-state PHN)
A50: 885 | B50: NT | C50: 885|NT | D50: Alyangula | E50: Alyangula | F50: 1 | G50: 1 | H50: =FALSE() | K50: 7 | L50: MMM7 - Very remote community | M50: 1 | N50: 7:100.0% | O50: 2.7428 | P50: 2.7429 | Q50: 7 | R50: MMM7 - Very remote community | S50: MMM 2023 (POA concordance) | V50: 751 | W50: 41 | X50: 5.5 | Y50: 1110.8 | Z50: 10 | AA50: 5 | AB50: RA5 - Very remote Australia | AC50: Approximate: derived from Shipping_MMM via standard MMM→RA mapping | AD50: PHN701 | AE50: Northern Territory | AF50: 1
A51: 886 | B51: NT | C51: 886|NT | D51: Jabiru | E51: Jabiru | F51: 1 | G51: 1 | H51: =FALSE() | K51: 6 | L51: MMM6 - Remote community | M51: 1 | N51: 6:100.0% | O51: 13.5082 | P51: 13.5083 | Q51: 6 | R51: MMM6 - Remote community | S51: MMM 2023 (POA concordance) | V51: 755 | W51: 207 | X51: 27.4 | Y51: 986 | Z51: 5 | AA51: 4 | AB51: RA4 - Remote Australia | AC51: Approximate: derived from Shipping_MMM via standard MMM→RA mapping | AD51: PHN701 | AE51: Northern Territory | AF51: 1
A52: 906 | B52: NT | C52: 906|NT | D52: Winnellie | E52: Winnellie | F52: 1 | G52: 1 | H52: =FALSE() | I52: LVR | J52: PO BOXES | Q52: 2 | R52: MMM2 - Regional centre | S52: No POA; assigned from nearest classified postcode | AA52: 2 | AB52: RA2 - Inner regional Australia | AC52: Approximate: derived from Shipping_MMM via standard MMM→RA mapping (MMM2-3 both map to RA2) | AD52: PHN701 | AE52: Northern Territory | AG52: Inferred (Single-state PHN)
A53: 907 | B53: NT | C53: 907|NT | D53: Winnellie | E53: Winnellie | F53: 1 | G53: 1 | H53: =FALSE() | I53: LVR | J53: PO BOXES | Q53: 2 | R53: MMM2 - Regional centre | S53: No POA; assigned from nearest classified postcode | AA53: 2 | AB53: RA2 - Inner regional Australia | AC53: Approximate: derived from Shipping_MMM via standard MMM→RA mapping (MMM2-3 both map to RA2) | AD53: PHN701 | AE53: Northern Territory | AG53: Inferred (Single-state PHN)
A54: 909 | B54: NT | C54: 909|NT | D54: Charles Darwin University | E54: Charles Darwin University | F54: 1 | G54: 1 | H54: =FALSE() | I54: LVR | Q54: 2 | R54: MMM2 - Regional centre | S54: No POA; assigned from nearest classified postcode | AA54: 2 | AB54: RA2 - Inner regional Australia | AC54: Approximate: derived from Shipping_MMM via standard MMM→RA mapping (MMM2-3 both map to RA2) | AD54: PHN701 | AE54: Northern Territory | AG54: Inferred (Single-state PHN)
A55: 1100 | B55: NSW | C55: 1100|NSW | D55: Sydney | E55: Sydney | F55: 1 | G55: 1 | H55: =FALSE() | I55: LVR | Q55: 1 | R55: MMM1 - Metropolitan area | S55: Metro PO Box/LVR (no POA; assigned from metro postcode range) | T55: Sydney LHD | U55: X700 | AA55: 1 | AB55: RA1 - Major cities of Australia | AC55: Approximate: derived from Shipping_MMM via standard MMM→RA mapping | AD55: PHN101 | AE55: Central and Eastern Sydney | AG55: Inferred (Nearest matched postcode)
A56: 1215 | B56: NSW | C56: 1215|NSW | D56: Australia Square | E56: Australia Square | F56: 1 | G56: 1 | H56: =TRUE() | I56: Post Office Boxes | J56: PO BOXES & LOCKED BAGS | Q56: 1 | R56: MMM1 - Metropolitan area | S56: Metro PO Box/LVR (no POA; assigned from metro postcode range) | T56: Sydney LHD | U56: X700 | AA56: 1 | AB56: RA1 - Major cities of Australia | AC56: Approximate: derived from Shipping_MMM via standard MMM→RA mapping | AD56: PHN101 | AE56: Central and Eastern Sydney | AG56: Inferred (Nearest matched postcode)
A57: 1220 | B57: NSW | C57: 1220|NSW | D57: Grosvenor Place | E57: Grosvenor Place | F57: 1 | G57: 1 | H57: =TRUE() | I57: Post Office Boxes | J57: PO BOXES & LOCKED BAGS | Q57: 1 | R57: MMM1 - Metropolitan area | S57: Metro PO Box/LVR (no POA; assigned from metro postcode range) | T57: Sydney LHD | U57: X700 | AA57: 1 | AB57: RA1 - Major cities of Australia | AC57: Approximate: derived from Shipping_MMM via standard MMM→RA mapping | AD57: PHN101 | AE57: Central and Eastern Sydney | AG57: Inferred (Nearest matched postcode)
A58: 1225 | B58: NSW | C58: 1225|NSW | D58: Royal Exchange | E58: Royal Exchange | F58: 1 | G58: 1 | H58: =TRUE() | I58: Post Office Boxes | J58: PO BOXES & LOCKED BAGS | Q58: 1 | R58: MMM1 - Metropolitan area | S58: Metro PO Box/LVR (no POA; assigned from metro postcode range) | T58: Sydney LHD | U58: X700 | AA58: 1 | AB58: RA1 - Major cities of Australia | AC58: Approximate: derived from Shipping_MMM via standard MMM→RA mapping | AD58: PHN101 | AE58: Central and Eastern Sydney | AG58: Inferred (Nearest matched postcode)
A59: 1230 | B59: NSW | C59: 1230|NSW | D59: Queen Victoria Building | E59: Queen Victoria Building | F59: 1 | G59: 1 | H59: =TRUE() | I59: Post Office Boxes | J59: PO BOXES & LOCKED BAGS | Q59: 1 | R59: MMM1 - Metropolitan area | S59: Metro PO Box/LVR (no POA; assigned from metro postcode range) | T59: Sydney LHD | U59: X700 | AA59: 1 | AB59: RA1 - Major cities of Australia | AC59: Approximate: derived from Shipping_MMM via standard MMM→RA mapping | AD59: PHN101 | AE59: Central and Eastern Sydney | AG59: Inferred (Nearest matched postcode)
A60: 1231 | B60: NSW | C60: 1231|NSW | D60: Sydney South | E60: Sydney South | F60: 1 | G60: 1 | H60: =FALSE() | I60: LVR | J60: SYDNEY WATER | Q60: 1 | R60: MMM1 - Metropolitan area | S60: Metro PO Box/LVR (no POA; assigned from metro postcode range) | T60: Sydney LHD | U60: X700 | AA60: 1 | AB60: RA1 - Major cities of Australia | AC60: Approximate: derived from Shipping_MMM via standard MMM→RA mapping | AD60: PHN101 | AE60: Central and Eastern Sydney | AG60: Inferred (Nearest matched postcode)
A61: 1235 | B61: NSW | C61: 1235|NSW | D61: Sydney South | E61: Sydney South | F61: 1 | G61: 1 | H61: =TRUE() | I61: Post Office Boxes | J61: PO BOXES & LOCKED BAGS | Q61: 1 | R61: MMM1 - Metropolitan area | S61: Metro PO Box/LVR (no POA; assigned from metro postcode range) | T61: Sydney LHD | U61: X700 | AA61: 1 | AB61: RA1 - Major cities of Australia | AC61: Approximate: derived from Shipping_MMM via standard MMM→RA mapping | AD61: PHN101 | AE61: Central and Eastern Sydney | AG61: Inferred (Nearest matched postcode)
A62: 1239 | B62: NSW | C62: 1239|NSW | D62: Haymarket | E62: Haymarket | F62: 1 | G62: 1 | H62: =FALSE() | I62: LVR | Q62: 1 | R62: MMM1 - Metropolitan area | S62: Metro PO Box/LVR (no POA; assigned from metro postcode range) | T62: Sydney LHD | U62: X700 | AA62: 1 | AB62: RA1 - Major cities of Australia | AC62: Approximate: derived from Shipping_MMM via standard MMM→RA mapping | AD62: PHN101 | AE62: Central and Eastern Sydney | AG62: Inferred (Nearest matched postcode)
A63: 1240 | B63: NSW | C63: 1240|NSW | D63: Haymarket | E63: Haymarket | F63: 1 | G63: 1 | H63: =TRUE() | I63: Post Office Boxes | J63: PO BOXES & LOCKED BAGS | Q63: 1 | R63: MMM1 - Metropolitan area | S63: Metro PO Box/LVR (no POA; assigned from metro postcode range) | T63: Sydney LHD | U63: X700 | AA63: 1 | AB63: RA1 - Major cities of Australia | AC63: Approximate: derived from Shipping_MMM via standard MMM→RA mapping | AD63: PHN101 | AE63: Central and Eastern Sydney | AG63: Inferred (Nearest matched postcode)
A64: 1291 | B64: NSW | C64: 1291|NSW | D64: Sydney | E64: Sydney | F64: 1 | G64: 1 | H64: =FALSE() | I64: LVR | J64: LOCKED BAGS | Q64: 1 | R64: MMM1 - Metropolitan area | S64: Metro PO Box/LVR (no POA; assigned from metro postcode range) | T64: Sydney LHD | U64: X700 | AA64: 1 | AB64: RA1 - Major cities of Australia | AC64: Approximate: derived from Shipping_MMM via standard MMM→RA mapping | AD64: PHN101 | AE64: Central and Eastern Sydney | AG64: Inferred (Nearest matched postcode)
A65: 1300 | B65: NSW | C65: 1300|NSW | D65: Darlinghurst | E65: Darlinghurst | F65: 1 | G65: 1 | H65: =TRUE() | I65: Post Office Boxes | J65: PO BOXES & LOCKED BAGS | Q65: 1 | R65: MMM1 - Metropolitan area | S65: Metro PO Box/LVR (no POA; assigned from metro postcode range) | T65: South Eastern Sydney LHD | U65: X720 | AA65: 1 | AB65: RA1 - Major cities of Australia | AC65: Approximate: derived from Shipping_MMM via standard MMM→RA mapping | AD65: PHN101 | AE65: Central and Eastern Sydney | AG65: Inferred (Nearest matched postcode)
A66: 1335 | B66: NSW | C66: 1335|NSW | D66: Potts Point | E66: Potts Point | F66: 1 | G66: 1 | H66: =TRUE() | I66: Post Office Boxes | J66: PO BOXES & LOCKED BAGS | Q66: 1 | R66: MMM1 - Metropolitan area | S66: Metro PO Box/LVR (no POA; assigned from metro postcode range) | T66: South Eastern Sydney LHD | U66: X720 | AA66: 1 | AB66: RA1 - Major cities of Australia | AC66: Approximate: derived from Shipping_MMM via standard MMM→RA mapping | AD66: PHN101 | AE66: Central and Eastern Sydney | AG66: Inferred (Nearest matched postcode)
A67: 1340 | B67: NSW | C67: 1340|NSW | D67: Kings Cross | E67: Kings Cross | F67: 1 | G67: 1 | H67: =TRUE() | I67: Post Office Boxes | J67: PO BOXES & LOCKED BAGS | Q67: 1 | R67: MMM1 - Metropolitan area | S67: Metro PO Box/LVR (no POA; assigned from metro postcode range) | T67: South Eastern Sydney LHD | U67: X720 | AA67: 1 | AB67: RA1 - Major cities of Australia | AC67: Approximate: derived from Shipping_MMM via standard MMM→RA mapping | AD67: PHN101 | AE67: Central and Eastern Sydney | AG67: Inferred (Nearest matched postcode)
A68: 1350 | B68: NSW | C68: 1350|NSW | D68: Woollahra | E68: Woollahra | F68: 1 | G68: 1 | H68: =TRUE() | I68: Post Office Boxes | J68: PO BOXES | Q68: 1 | R68: MMM1 - Metropolitan area | S68: Metro PO Box/LVR (no POA; assigned from metro postcode range) | T68: South Eastern Sydney LHD | U68: X720 | AA68: 1 | AB68: RA1 - Major cities of Australia | AC68: Approximate: derived from Shipping_MMM via standard MMM→RA mapping | AD68: PHN101 | AE68: Central and Eastern Sydney | AG68: Inferred (Nearest matched postcode)
A69: 1355 | B69: NSW | C69: 1355|NSW | D69: Bondi Junction | E69: Bondi Junction | F69: 1 | G69: 1 | H69: =TRUE() | I69: Post Office Boxes | J69: PO BOXES & LOCKED BAGS | Q69: 1 | R69: MMM1 - Metropolitan area | S69: Metro PO Box/LVR (no POA; assigned from metro postcode range) | T69: South Eastern Sydney LHD | U69: X720 | AA69: 1 | AB69: RA1 - Major cities of Australia | AC69: Approximate: derived from Shipping_MMM via standard MMM→RA mapping | AD69: PHN101 | AE69: Central and Eastern Sydney | AG69: Inferred (Nearest matched postcode)
A70: 1360 | B70: NSW | C70: 1360|NSW | D70: Double Bay | E70: Double Bay | F70: 1 | G70: 1 | H70: =TRUE() | I70: Post Office Boxes | J70: PO BOXES & LOCKED BAGS | Q70: 1 | R70: MMM1 - Metropolitan area | S70: Metro PO Box/LVR (no POA; assigned from metro postcode range) | T70: South Eastern Sydney LHD | U70: X720 | AA70: 1 | AB70: RA1 - Major cities of Australia | AC70: Approximate: derived from Shipping_MMM via standard MMM→RA mapping | AD70: PHN101 | AE70: Central and Eastern Sydney | AG70: Inferred (Nearest matched postcode)
A71: 1405 | B71: NSW | C71: 1405|NSW | D71: Chullora | E71: Chullora | F71: 1 | G71: 1 | H71: =TRUE() | I71: Post Office Boxes | J71: BULK PARCEL RETURNS | Q71: 1 | R71: MMM1 - Metropolitan area | S71: Metro PO Box/LVR (no POA; assigned from metro postcode range) | T71: South Western Sydney LHD | U71: X710 | AA71: 1 | AB71: RA1 - Major cities of Australia | AC71: Approximate: derived from Shipping_MMM via standard MMM→RA mapping | AD71: PHN101 | AE71: Central and Eastern Sydney | AG71: Inferred (Nearest matched postcode)
A72: 1435 | B72: NSW | C72: 1435|NSW | D72: Alexandria | E72: Alexandria | F72: 1 | G72: 1 | H72: =TRUE() | I72: Post Office Boxes | J72: PO BOXES & LOCKED BAGS | Q72: 1 | R72: MMM1 - Metropolitan area | S72: Metro PO Box/LVR (no POA; assigned from metro postcode range) | T72: South Eastern Sydney LHD | U72: X720 | AA72: 1 | AB72: RA1 - Major cities of Australia | AC72: Approximate: derived from Shipping_MMM via standard MMM→RA mapping | AD72: PHN101 | AE72: Central and Eastern Sydney | AG72: Inferred (Nearest matched postcode)
A73: 1445 | B73: NSW | C73: 1445|NSW | D73: Rosebery | E73: Rosebery | F73: 1 | G73: 1 | H73: =TRUE() | I73: Post Office Boxes | J73: PO BOXES & LOCKED BAGS | Q73: 1 | R73: MMM1 - Metropolitan area | S73: Metro PO Box/LVR (no POA; assigned from metro postcode range) | T73: South Eastern Sydney LHD | U73: X720 | AA73: 1 | AB73: RA1 - Major cities of Australia | AC73: Approximate: derived from Shipping_MMM via standard MMM→RA mapping | AD73: PHN101 | AE73: Central and Eastern Sydney | AG73: Inferred (Nearest matched postcode)
A74: 1450 | B74: NSW | C74: 1450|NSW | D74: Camperdown | E74: Camperdown | F74: 1 | G74: 1 | H74: =TRUE() | I74: Post Office Boxes | J74: PO BOXES & LOCKED BAGS | Q74: 1 | R74: MMM1 - Metropolitan area | S74: Metro PO Box/LVR (no POA; assigned from metro postcode range) | T74: Sydney LHD | U74: X700 | AA74: 1 | AB74: RA1 - Major cities of Australia | AC74: Approximate: derived from Shipping_MMM via standard MMM→RA mapping | AD74: PHN101 | AE74: Central and Eastern Sydney | AG74: Inferred (Nearest matched postcode)
A75: 1455 | B75: NSW | C75: 1455|NSW | D75: Botany | E75: Botany | F75: 1 | G75: 1 | H75: =TRUE() | I75: Post Office Boxes | J75: PO BOXES & LOCKED BAGS | Q75: 1 | R75: MMM1 - Metropolitan area | S75: Metro PO Box/LVR (no POA; assigned from metro postcode range) | T75: South Eastern Sydney LHD | U75: X720 | AA75: 1 | AB75: RA1 - Major cities of Australia | AC75: Approximate: derived from Shipping_MMM via standard MMM→RA mapping | AD75: PHN101 | AE75: Central and Eastern Sydney | AG75: Inferred (Nearest matched postcode)
A76: 1460 | B76: NSW | C76: 1460|NSW | D76: Mascot | E76: Mascot | F76: 1 | G76: 1 | H76: =TRUE() | I76: Post Office Boxes | J76: PO BOXES & LOCKED BAGS | Q76: 1 | R76: MMM1 - Metropolitan area | S76: Metro PO Box/LVR (no POA; assigned from metro postcode range) | T76: South Eastern Sydney LHD | U76: X720 | AA76: 1 | AB76: RA1 - Major cities of Australia | AC76: Approximate: derived from Shipping_MMM via standard MMM→RA mapping | AD76: PHN101 | AE76: Central and Eastern Sydney | AG76: Inferred (Nearest matched postcode)
... A117: 1871 | B117: NSW | C117: 1871|NSW | D117: Liverpool | E117: Liverpool | F117: 1 | G117: 1 | H117: =TRUE() | I117: Post Office Boxes | J117: PO BOXES & LOCKED BAGS | Q117: 1 | R117: MMM1 - Metropolitan area | S117: Metro PO Box/LVR (no POA; assigned from metro postcode range) | T117: South Western Sydney LHD | U117: X710 | AA117: 1 | AB117: RA1 - Major cities of Australia | AC117: Approximate: derived from Shipping_MMM via standard MMM→RA mapping | AD117: PHN101 | AE117: Central and Eastern Sydney | AG117: Inferred (Nearest matched postcode)
A118: 1874 | B118: NSW | C118: 1874|NSW | D118: Moorebank | E118: Moorebank | F118: 1 | G118: 1 | H118: =FALSE() | I118: LVR | J118: BULK PARCEL RETURNS | Q118: 1 | R118: MMM1 - Metropolitan area | S118: Metro PO Box/LVR (no POA; assigned from metro postcode range) | T118: South Western Sydney LHD | U118: X710 | AA118: 1 | AB118: RA1 - Major cities of Australia | AC118: Approximate: derived from Shipping_MMM via standard MMM→RA mapping | AD118: PHN101 | AE118: Central and Eastern Sydney | AG118: Inferred (Nearest matched postcode)
A119: 1875 | B119: NSW | C119: 1875|NSW | D119: Moorebank | E119: Moorebank | F119: 1 | G119: 1 | H119: =TRUE() | I119: Post Office Boxes | J119: PO BOXES & LOCKED BAGS | Q119: 1 | R119: MMM1 - Metropolitan area | S119: Metro PO Box/LVR (no POA; assigned from metro postcode range) | T119: South Western Sydney LHD | U119: X710 | AA119: 1 | AB119: RA1 - Major cities of Australia | AC119: Approximate: derived from Shipping_MMM via standard MMM→RA mapping | AD119: PHN101 | AE119: Central and Eastern Sydney | AG119: Inferred (Nearest matched postcode)
A120: 1885 | B120: NSW | C120: 1885|NSW | D120: Bankstown | E120: Bankstown | F120: 1 | G120: 1 | H120: =TRUE() | I120: Post Office Boxes | J120: PO BOXES & LOCKED BAGS | Q120: 1 | R120: MMM1 - Metropolitan area | S120: Metro PO Box/LVR (no POA; assigned from metro postcode range) | T120: South Western Sydney LHD | U120: X710 | AA120: 1 | AB120: RA1 - Major cities of Australia | AC120: Approximate: derived from Shipping_MMM via standard MMM→RA mapping | AD120: PHN101 | AE120: Central and Eastern Sydney | AG120: Inferred (Nearest matched postcode)
A121: 1890 | B121: NSW | C121: 1890|NSW | D121: Ingleburn | E121: Ingleburn | F121: 1 | G121: 1 | H121: =TRUE() | I121: Post Office Boxes | J121: PO BOXES | Q121: 1 | R121: MMM1 - Metropolitan area | S121: Metro PO Box/LVR (no POA; assigned from metro postcode range) | T121: South Western Sydney LHD | U121: X710 | AA121: 1 | AB121: RA1 - Major cities of Australia | AC121: Approximate: derived from Shipping_MMM via standard MMM→RA mapping | AD121: PHN101 | AE121: Central and Eastern Sydney | AG121: Inferred (Nearest matched postcode)
A122: 2000 | B122: NSW | C122: 2000|NSW | D122: Barangaroo | E122: Barangaroo, Dawes Point, Haymarket, Millers Point, Parliament House | F122: 8 | G122: 8 | H122: =FALSE() | J122: CITY OF SYDNEY COUNCIL | K122: 1 | L122: MMM1 - Metropolitan area | M122: 1 | N122: 1:100.0% | O122: 4.2874 | P122: 4.2871 | Q122: 1 | R122: MMM1 - Metropolitan area | S122: MMM 2023 (POA concordance) | T122: South Eastern Sydney LHD | U122: X720 | V122: 27936 | W122: 76 | X122: 0.3 | Y122: 973.1 | Z122: 4 | AA122: 1 | AB122: RA1 - Major cities of Australia | AC122: Approximate: derived from Shipping_MMM via standard MMM→RA mapping | AD122: PHN101 | AE122: Central and Eastern Sydney | AF122: 1
A123: 2001 | B123: NSW | C123: 2001|NSW | D123: Sydney | E123: Sydney | F123: 1 | G123: 1 | H123: =TRUE() | I123: Post Office Boxes | J123: GPO BOXES & LOCKED BAGS | Q123: 1 | R123: MMM1 - Metropolitan area | S123: Metro PO Box/LVR (no POA; assigned from metro postcode range) | T123: South Eastern Sydney LHD | U123: X720 | AA123: 1 | AB123: RA1 - Major cities of Australia | AC123: Approximate: derived from Shipping_MMM via standard MMM→RA mapping | AD123: PHN101 | AE123: Central and Eastern Sydney | AG123: Inferred (Nearest matched postcode)
A124: 2002 | B124: NSW | C124: 2002|NSW | D124: World Square | E124: World Square | F124: 1 | G124: 1 | H124: =TRUE() | I124: Post Office Boxes | J124: PO BOXES | Q124: 1 | R124: MMM1 - Metropolitan area | S124: Metro PO Box/LVR (no POA; assigned from metro postcode range) | T124: South Eastern Sydney LHD | U124: X720 | AA124: 1 | AB124: RA1 - Major cities of Australia | AC124: Approximate: derived from Shipping_MMM via standard MMM→RA mapping | AD124: PHN101 | AE124: Central and Eastern Sydney | AG124: Inferred (Nearest matched postcode)
A125: 2004 | B125: NSW | C125: 2004|NSW | D125: Eastern Suburbs Mc | E125: Eastern Suburbs Mc | F125: 1 | G125: 1 | H125: =TRUE() | I125: Post Office Boxes | J125: PO BOXES | Q125: 1 | R125: MMM1 - Metropolitan area | S125: Metro PO Box/LVR (no POA; assigned from metro postcode range) | T125: Sydney LHD | U125: X700 | AA125: 1 | AB125: RA1 - Major cities of Australia | AC125: Approximate: derived from Shipping_MMM via standard MMM→RA mapping | AD125: PHN101 | AE125: Central and Eastern Sydney | AG125: Inferred (Nearest matched postcode)
A126: 2006 | B126: NSW | C126: 2006|NSW | D126: The University Of Sydney | E126: The University Of Sydney | F126: 1 | G126: 1 | H126: =TRUE() | I126: Post Office Boxes | J126: CARE PO | Q126: 1 | R126: MMM1 - Metropolitan area | S126: Metro PO Box/LVR (no POA; assigned from metro postcode range) | T126: Sydney LHD | U126: X700 | AA126: 1 | AB126: RA1 - Major cities of Australia | AC126: Approximate: derived from Shipping_MMM via standard MMM→RA mapping | AD126: PHN101 | AE126: Central and Eastern Sydney | AG126: Inferred (Nearest matched postcode)
A127: 2007 | B127: NSW | C127: 2007|NSW | D127: Broadway | E127: Broadway, Ultimo | F127: 2 | G127: 2 | H127: =FALSE() | J127: PO BOXES & LOCKED BAGS | K127: 1 | L127: MMM1 - Metropolitan area | M127: 1 | N127: 1:100.0% | O127: 0.5584 | P127: 0.5588 | Q127: 1 | R127: MMM1 - Metropolitan area | S127: MMM 2023 (POA concordance) | T127: Sydney LHD | U127: X700 | V127: 7410 | W127: 77 | X127: 1 | Y127: 959.9 | Z127: 3 | AA127: 1 | AB127: RA1 - Major cities of Australia | AC127: Approximate: derived from Shipping_MMM via standard MMM→RA mapping | AD127: PHN101 | AE127: Central and Eastern Sydney | AF127: 1
A128: 2008 | B128: NSW | C128: 2008|NSW | D128: Chippendale | E128: Chippendale, Darlington | F128: 2 | G128: 2 | H128: =FALSE() | J128: CITY OF SYDNEY COUNCIL | K128: 1 | L128: MMM1 - Metropolitan area | M128: 1 | N128: 1:100.0% | O128: 0.8446 | P128: 0.845 | Q128: 1 | R128: MMM1 - Metropolitan area | S128: MMM 2023 (POA concordance) | T128: Sydney LHD | U128: X700 | V128: 10400 | W128: 101 | X128: 1 | Y128: 1022.7 | Z128: 7 | AA128: 1 | AB128: RA1 - Major cities of Australia | AC128: Approximate: derived from Shipping_MMM via standard MMM→RA mapping | AD128: PHN101 | AE128: Central and Eastern Sydney | AF128: 1
A129: 2009 | B129: NSW | C129: 2009|NSW | D129: Pyrmont | E129: Pyrmont | F129: 1 | G129: 1 | H129: =FALSE() | K129: 1 | L129: MMM1 - Metropolitan area | M129: 1 | N129: 1:100.0% | O129: 0.9301 | P129: 0.9299 | Q129: 1 | R129: MMM1 - Metropolitan area | S129: MMM 2023 (POA concordance) | T129: Sydney LHD | U129: X700 | V129: 12658 | W129: 146 | X129: 1.2 | Y129: 1041.6 | Z129: 8 | AA129: 1 | AB129: RA1 - Major cities of Australia | AC129: Approximate: derived from Shipping_MMM via standard MMM→RA mapping | AD129: PHN101 | AE129: Central and Eastern Sydney | AF129: 0.9999
A130: 2010 | B130: NSW | C130: 2010|NSW | D130: Darlinghurst | E130: Darlinghurst, Surry Hills | F130: 2 | G130: 2 | H130: =FALSE() | K130: 1 | L130: MMM1 - Metropolitan area | M130: 1 | N130: 1:100.0% | O130: 2.1733 | P130: 2.1733 | Q130: 1 | R130: MMM1 - Metropolitan area | S130: MMM 2023 (POA concordance) | T130: South Eastern Sydney LHD | U130: X720 | V130: 26443 | W130: 249 | X130: 0.9 | Y130: 1046 | Z130: 8 | AA130: 1 | AB130: RA1 - Major cities of Australia | AC130: Approximate: derived from Shipping_MMM via standard MMM→RA mapping | AD130: PHN101 | AE130: Central and Eastern Sydney | AF130: 1
A131: 2011 | B131: NSW | C131: 2011|NSW | D131: Elizabeth Bay | E131: Elizabeth Bay, Potts Point, Rushcutters Bay, Woolloomooloo | F131: 4 | G131: 4 | H131: =FALSE() | K131: 1 | L131: MMM1 - Metropolitan area | M131: 1 | N131: 1:100.0% | O131: 1.4058 | P131: 1.4054 | Q131: 1 | R131: MMM1 - Metropolitan area | S131: MMM 2023 (POA concordance) | T131: South Eastern Sydney LHD | U131: X720 | V131: 18187 | W131: 250 | X131: 1.4 | Y131: 1050.5 | Z131: 8 | AA131: 1 | AB131: RA1 - Major cities of Australia | AC131: Approximate: derived from Shipping_MMM via standard MMM→RA mapping | AD131: PHN101 | AE131: Central and Eastern Sydney | AF131: 1
A132: 2012 | B132: NSW | C132: 2012|NSW | D132: Strawberry Hills | E132: Strawberry Hills | F132: 1 | G132: 1 | H132: =TRUE() | I132: Post Office Boxes | J132: PO BOXES & LOCKED BAGS | Q132: 1 | R132: MMM1 - Metropolitan area | S132: Metro PO Box/LVR (no POA; assigned from metro postcode range) | T132: South Eastern Sydney LHD | U132: X720 | AA132: 1 | AB132: RA1 - Major cities of Australia | AC132: Approximate: derived from Shipping_MMM via standard MMM→RA mapping | AD132: PHN101 | AE132: Central and Eastern Sydney | AG132: Inferred (Nearest matched postcode)
A133: 2015 | B133: NSW | C133: 2015|NSW | D133: Alexandria | E133: Alexandria, Beaconsfield, Eveleigh | F133: 3 | G133: 3 | H133: =FALSE() | K133: 1 | L133: MMM1 - Metropolitan area | M133: 1 | N133: 1:100.0% | O133: 4.2154 | P133: 4.2157 | Q133: 1 | R133: MMM1 - Metropolitan area | S133: MMM 2023 (POA concordance) | T133: Sydney LHD | U133: X700 | V133: 11422 | W133: 238 | X133: 2.1 | Y133: 1094.4 | Z133: 10 | AA133: 1 | AB133: RA1 - Major cities of Australia | AC133: Approximate: derived from Shipping_MMM via standard MMM→RA mapping | AD133: PHN101 | AE133: Central and Eastern Sydney | AF133: 1
A134: 2016 | B134: NSW | C134: 2016|NSW | D134: Redfern | E134: Redfern | F134: 1 | G134: 1 | H134: =FALSE() | K134: 1 | L134: MMM1 - Metropolitan area | M134: 1 | N134: 1:100.0% | O134: 1.1717 | P134: 1.1717 | Q134: 1 | R134: MMM1 - Metropolitan area | S134: MMM 2023 (POA concordance) | T134: Sydney LHD | U134: X700 | V134: 13072 | W134: 417 | X134: 3.2 | Y134: 984.5 | Z134: 4 | AA134: 1 | AB134: RA1 - Major cities of Australia | AC134: Approximate: derived from Shipping_MMM via standard MMM→RA mapping | AD134: PHN101 | AE134: Central and Eastern Sydney | AF134: 1
A135: 2017 | B135: NSW | C135: 2017|NSW | D135: Waterloo | E135: Waterloo, Waterloo Dc, Zetland | F135: 3 | G135: 3 | H135: =FALSE() | K135: 1 | L135: MMM1 - Metropolitan area | M135: 1 | N135: 1:100.0% | O135: 1.9387 | P135: 1.9386 | Q135: 1 | R135: MMM1 - Metropolitan area | S135: MMM 2023 (POA concordance) | T135: Sydney LHD | U135: X700 | V135: 29003 | W135: 575 | X135: 2 | Y135: 1013.6 | Z135: 6 | AA135: 1 | AB135: RA1 - Major cities of Australia | AC135: Approximate: derived from Shipping_MMM via standard MMM→RA mapping | AD135: PHN101 | AE135: Central and Eastern Sydney | AF135: 1
A136: 2018 | B136: NSW | C136: 2018|NSW | D136: Eastlakes | E136: Eastlakes, Rosebery | F136: 2 | G136: 2 | H136: =FALSE() | K136: 1 | L136: MMM1 - Metropolitan area | M136: 1 | N136: 1:100.0% | O136: 3.931 | P136: 3.9305 | Q136: 1 | R136: MMM1 - Metropolitan area | S136: MMM 2023 (POA concordance) | T136: South Eastern Sydney LHD | U136: X720 | V136: 19878 | W136: 219 | X136: 1.1 | Y136: 1014.4 | Z136: 6 | AA136: 1 | AB136: RA1 - Major cities of Australia | AC136: Approximate: derived from Shipping_MMM via standard MMM→RA mapping | AD136: PHN101 | AE136: Central and Eastern Sydney | AF136: 1
A137: 2019 | B137: NSW | C137: 2019|NSW | D137: Banksmeadow | E137: Banksmeadow, Botany | F137: 2 | G137: 2 | H137: =FALSE() | K137: 1 | L137: MMM1 - Metropolitan area | M137: 1 | N137: 1:100.0% | O137: 7.369 | P137: 7.3691 | Q137: 1 | R137: MMM1 - Metropolitan area | S137: MMM 2023 (POA concordance) | T137: South Eastern Sydney LHD | U137: X720 | V137: 13467 | W137: 377 | X137: 2.8 | Y137: 1054.4 | Z137: 8 | AA137: 1 | AB137: RA1 - Major cities of Australia | AC137: Approximate: derived from Shipping_MMM via standard MMM→RA mapping | AD137: PHN101 | AE137: Central and Eastern Sydney | AF137: 1
A138: 2020 | B138: NSW | C138: 2020|NSW | D138: Mascot | E138: Mascot, Sydney Domestic Airport, Sydney International Airport | F138: 3 | G138: 3 | H138: =FALSE() | J138: PO BOXES | K138: 1 | L138: MMM1 - Metropolitan area | M138: 1 | N138: 1:100.0% | O138: 11.9611 | P138: 11.9607 | Q138: 1 | R138: MMM1 - Metropolitan area | S138: MMM 2023 (POA concordance) | T138: South Eastern Sydney LHD | U138: X720 | V138: 21591 | W138: 252 | X138: 1.2 | Y138: 1032.9 | Z138: 7 | AA138: 1 | AB138: RA1 - Major cities of Australia | AC138: Approximate: derived from Shipping_MMM via standard MMM→RA mapping | AD138: PHN101 | AE138: Central and Eastern Sydney | AF138: 1
A139: 2021 | B139: NSW | C139: 2021|NSW | D139: Centennial Park | E139: Centennial Park, Moore Park, Paddington | F139: 3 | G139: 3 | H139: =FALSE() | K139: 1 | L139: MMM1 - Metropolitan area | M139: 1 | N139: 1:100.0% | O139: 5.7181 | P139: 5.7186 | Q139: 1 | R139: MMM1 - Metropolitan area | S139: MMM 2023 (POA concordance) | T139: South Eastern Sydney LHD | U139: X720 | V139: 14946 | W139: 76 | X139: 0.5 | Y139: 1099.6 | Z139: 10 | AA139: 1 | AB139: RA1 - Major cities of Australia | AC139: Approximate: derived from Shipping_MMM via standard MMM→RA mapping | AD139: PHN101 | AE139: Central and Eastern Sydney | AF139: 1
A140: 2022 | B140: NSW | C140: 2022|NSW | D140: Bondi Junction | E140: Bondi Junction, Queens Park | F140: 2 | G140: 2 | H140: =FALSE() | K140: 1 | L140: MMM1 - Metropolitan area | M140: 1 | N140: 1:100.0% | O140: 1.9226 | P140: 1.9228 | Q140: 1 | R140: MMM1 - Metropolitan area | S140: MMM 2023 (POA concordance) | T140: South Eastern Sydney LHD | U140: X720 | V140: 13509 | W140: 40 | X140: 0.3 | Y140: 1077.2 | Z140: 9 | AA140: 1 | AB140: RA1 - Major cities of Australia | AC140: Approximate: derived from Shipping_MMM via standard MMM→RA mapping | AD140: PHN101 | AE140: Central and Eastern Sydney | AF140: 1
...

Sheet Postcodes
A1: Place | B1: State | C1: Postcode | D1: Category | E1: Comment | F1: Key | G1: MMM_2023_Primary | H1: MMM_2023_PrimaryShare | I1: MMM_2023_PrimaryArea_km2 | J1: POA_Area_km2 | K1: MMM_2023_Breakdown | L1: MMM_2023_PrimaryLabel
A2: Aarons Pass | B2: NSW | C2: 2850 | D2: Delivery Area | F2: 2850|NSW | G2: 5 | H2: 0.9548 | I2: 5733.8279 | J2: 6005.3758 | K2: 5:95.5%; 4:4.5% | L2: MMM5 - Small rural town
A3: Abba River | B3: WA | C3: 6280 | D3: Delivery Area | F3: 6280|WA | G3: 3 | H3: 0.5894 | I3: 513.8312 | J3: 871.7295 | K3: 3:58.9%; 5:35.4%; 2:5.6% | L3: MMM3 - Large rural town
A4: Abbey | B4: WA | C4: 6280 | D4: Delivery Area | F4: 6280|WA | G4: 3 | H4: 0.5894 | I4: 513.8312 | J4: 871.7295 | K4: 3:58.9%; 5:35.4%; 2:5.6% | L4: MMM3 - Large rural town
A5: Abbeyard | B5: VIC | C5: 3737 | D5: Delivery Area | F5: 3737|VIC | G5: 5 | H5: 1 | I5: 1740.7367 | J5: 1740.7366 | K5: 5:100.0% | L5: MMM5 - Small rural town
A6: Abbeywood | B6: QLD | C6: 4613 | D6: Delivery Area | F6: 4613|QLD | G6: 5 | H6: 1 | I6: 1749.9359 | J6: 1749.936 | K6: 5:100.0% | L6: MMM5 - Small rural town
A7: Abbotsbury | B7: NSW | C7: 2176 | D7: Delivery Area | F7: 2176|NSW | G7: 1 | H7: 1 | I7: 19.8455 | J7: 19.8468 | K7: 1:100.0% | L7: MMM1 - Metropolitan area
A8: Abbotsford | B8: NSW | C8: 2046 | D8: Delivery Area | F8: 2046|NSW | G8: 1 | H8: 1 | I8: 6.0136 | J8: 6.0148 | K8: 1:100.0% | L8: MMM1 - Metropolitan area
A9: Abbotsford | B9: VIC | C9: 3067 | D9: Delivery Area | F9: 3067|VIC | G9: 1 | H9: 1 | I9: 1.8304 | J9: 1.8302 | K9: 1:100.0% | L9: MMM1 - Metropolitan area
A10: Abbotsford | B10: QLD | C10: 4670 | D10: Delivery Area | F10: 4670|QLD | G10: 2 | H10: 0.6059 | I10: 1079.6197 | J10: 1781.8725 | K10: 2:60.6%; 5:39.4% | L10: MMM2 - Regional centre
A11: Abbotsham | B11: TAS | C11: 7315 | D11: Delivery Area | F11: 7315|TAS | G11: 5 | H11: 0.7382 | I11: 452.9299 | J11: 613.5895 | K11: 5:73.8%; 4:20.6%; 3:5.6% | L11: MMM5 - Small rural town
A12: Abeckett Street | B12: VIC | C12: 8006 | D12: Post Office Boxes | E12: PO BOXES | F12: 8006|VIC
A13: Abels Bay | B13: TAS | C13: 7112 | D13: Delivery Area | F13: 7112|TAS | G13: 5 | H13: 1 | I13: 179.2621 | J13: 179.2618 | K13: 5:100.0% | L13: MMM5 - Small rural town
A14: Abercorn | B14: QLD | C14: 4627 | D14: Delivery Area | F14: 4627|QLD | G14: 6 | H14: 0.6718 | I14: 3225.5124 | J14: 4801.087 | K14: 6:67.2%; 5:32.8% | L14: MMM6 - Remote community
A15: Abercrombie | B15: NSW | C15: 2795 | D15: Delivery Area | F15: 2795|NSW | G15: 5 | H15: 0.8552 | I15: 4539.0867 | J15: 5307.5248 | K15: 5:85.5%; 3:14.5% | L15: MMM5 - Small rural town
A16: Abercrombie River | B16: NSW | C16: 2795 | D16: Delivery Area | F16: 2795|NSW | G16: 5 | H16: 0.8552 | I16: 4539.0867 | J16: 5307.5248 | K16: 5:85.5%; 3:14.5% | L16: MMM5 - Small rural town
A17: Aberdare | B17: NSW | C17: 2325 | D17: Delivery Area | F17: 2325|NSW | G17: 5 | H17: 0.7745 | I17: 1243.1615 | J17: 1605.0648 | K17: 5:77.5%; 3:17.1%; 2:5.4% | L17: MMM5 - Small rural town
A18: Aberdeen | B18: NSW | C18: 2336 | D18: Delivery Area | E18: UPPER HUNTER SHIRE COUNCIL | F18: 2336|NSW | G18: 5 | H18: 0.9947 | I18: 884.2887 | J18: 888.9717 | K18: 5:99.5%; 4:0.5% | L18: MMM5 - Small rural town
A19: Aberdeen | B19: TAS | C19: 7310 | D19: Delivery Area | F19: 7310|TAS | G19: 5 | H19: 0.5953 | I19: 222.4577 | J19: 373.7057 | K19: 5:59.5%; 3:40.5% | L19: MMM5 - Small rural town
A20: Aberfeldie | B20: VIC | C20: 3040 | D20: Delivery Area | F20: 3040|VIC | G20: 1 | H20: 1 | I20: 8.7368 | J20: 8.7364 | K20: 1:100.0% | L20: MMM1 - Metropolitan area
A21: Aberfeldy | B21: VIC | C21: 3825 | D21: Delivery Area | F21: 3825|VIC | G21: 5 | H21: 0.8417 | I21: 1575.6846 | J21: 1871.9394 | K21: 5:84.2%; 3:15.8% | L21: MMM5 - Small rural town
A22: Aberfoyle | B22: NSW | C22: 2350 | D22: Delivery Area | F22: 2350|NSW | G22: 5 | H22: 0.8826 | I22: 4009.7148 | J22: 4543.2274 | K22: 5:88.3%; 3:11.7% | L22: MMM5 - Small rural town
A23: Aberfoyle Park | B23: SA | C23: 5159 | D23: Delivery Area | F23: 5159|SA | G23: 1 | H23: 1 | I23: 37.4229 | J23: 37.4231 | K23: 1:100.0% | L23: MMM1 - Metropolitan area
A24: Aberglasslyn | B24: NSW | C24: 2320 | D24: Delivery Area | F24: 2320|NSW | G24: 2 | H24: 0.4051 | I24: 163.6091 | J24: 403.8742 | K24: 2:40.5%; 3:28.4%; 1:21.1%; 5:10.0% | L24: MMM2 - Regional centre
A25: Abergowrie | B25: QLD | C25: 4850 | D25: Delivery Area | F25: 4850|QLD | G25: 6 | H25: 0.8757 | I25: 6466.0433 | J25: 7383.9733 | K25: 6:87.6%; 5:12.4% | L25: MMM6 - Remote community
A26: Abermain | B26: NSW | C26: 2326 | D26: Delivery Area | F26: 2326|NSW | G26: 2 | H26: 0.701 | I26: 56.7154 | J26: 80.9068 | K26: 2:70.1%; 1:29.9% | L26: MMM2 - Regional centre
A27: Abernethy | B27: NSW | C27: 2325 | D27: Delivery Area | F27: 2325|NSW | G27: 5 | H27: 0.7745 | I27: 1243.1615 | J27: 1605.0648 | K27: 5:77.5%; 3:17.1%; 2:5.4% | L27: MMM5 - Small rural town
A28: Abingdon Downs | B28: QLD | C28: 4892 | D28: Delivery Area | F28: 4892|QLD | G28: 7 | H28: 1 | I28: 143377.13 | J28: 143377.13 | K28: 7:100.0% | L28: MMM7 - Very remote community
A29: Abington | B29: NSW | C29: 2350 | D29: Delivery Area | F29: 2350|NSW | G29: 5 | H29: 0.8826 | I29: 4009.7148 | J29: 4543.2274 | K29: 5:88.3%; 3:11.7% | L29: MMM5 - Small rural town
A30: Abington | B30: QLD | C30: 4660 | D30: Delivery Area | F30: 4660|QLD | G30: 5 | H30: 1 | I30: 1489.8302 | J30: 1489.8297 | K30: 5:100.0% | L30: MMM5 - Small rural town
... A39: Acton | B39: ACT | C39: 2601 | D39: Delivery Area | F39: 2601|ACT | G39: 1 | H39: 1 | I39: 15.2333 | J39: 15.233 | K39: 1:100.0% | L39: MMM1 - Metropolitan area
A40: Acton | B40: TAS | C40: 7320 | D40: Delivery Area | E40: BURNIE | F40: 7320|TAS | G40: 3 | H40: 1 | I40: 32.293 | J40: 32.2926 | K40: 3:100.0% | L40: MMM3 - Large rural town
A41: Acton Park | B41: WA | C41: 6280 | D41: Delivery Area | F41: 6280|WA | G41: 3 | H41: 0.5894 | I41: 513.8312 | J41: 871.7295 | K41: 3:58.9%; 5:35.4%; 2:5.6% | L41: MMM3 - Large rural town
A42: Acton Park | B42: TAS | C42: 7170 | D42: Delivery Area | F42: 7170|TAS | G42: 2 | H42: 1 | I42: 93.1651 | J42: 93.1647 | K42: 2:100.0% | L42: MMM2 - Regional centre
A43: Ada | B43: VIC | C43: 3833 | D43: Delivery Area | F43: 3833|VIC | G43: 5 | H43: 1 | I43: 931.5573 | J43: 931.5574 | K43: 5:100.0% | L43: MMM5 - Small rural town
A44: Adaminaby | B44: NSW | C44: 2629 | D44: Delivery Area | F44: 2629|NSW | G44: 5 | H44: 1 | I44: 2054.5143 | J44: 2054.5144 | K44: 5:100.0% | L44: MMM5 - Small rural town
A45: Adams Estate | B45: VIC | C45: 3984 | D45: Delivery Area | F45: 3984|VIC | G45: 5 | H45: 1 | I45: 235.0487 | J45: 235.0488 | K45: 5:100.0% | L45: MMM5 - Small rural town
A46: Adamstown | B46: NSW | C46: 2289 | D46: Delivery Area | F46: 2289|NSW | G46: 1 | H46: 1 | I46: 11.4128 | J46: 11.413 | K46: 1:100.0% | L46: MMM1 - Metropolitan area
A47: Adamstown Heights | B47: NSW | C47: 2289 | D47: Delivery Area | F47: 2289|NSW | G47: 1 | H47: 1 | I47: 11.4128 | J47: 11.413 | K47: 1:100.0% | L47: MMM1 - Metropolitan area
A48: Adamsvale | B48: WA | C48: 6375 | D48: Delivery Area | F48: 6375|WA | G48: 6 | H48: 1 | I48: 1708.1359 | J48: 1708.1363 | K48: 6:100.0% | L48: MMM6 - Remote community
A49: Adare | B49: QLD | C49: 4343 | D49: Delivery Area | F49: 4343|QLD | G49: 5 | H49: 0.8033 | I49: 690.4192 | J49: 859.436 | K49: 5:80.3%; 4:19.7% | L49: MMM5 - Small rural town
A50: Adavale | B50: QLD | C50: 4474 | D50: Delivery Area | F50: 4474|QLD | G50: 7 | H50: 1 | I50: 21354.757 | J50: 21354.757 | K50: 7:100.0% | L50: MMM7 - Very remote community
A51: Addington | B51: VIC | C51: 3352 | D51: Delivery Area | F51: 3352|VIC | G51: 2 | H51: 0.5508 | I51: 1057.4463 | J51: 1919.9313 | K51: 2:55.1%; 5:44.9% | L51: MMM2 - Regional centre
A52: Adelaide | B52: SA | C52: 5000 | D52: Delivery Area | F52: 5000|SA | G52: 1 | H52: 1 | I52: 10.4818 | J52: 10.4824 | K52: 1:100.0% | L52: MMM1 - Metropolitan area
A53: Adelaide | B53: SA | C53: 5001 | D53: Post Office Boxes | E53: GPO BOXES & BAGS | F53: 5001|SA
A54: Adelaide | B54: SA | C54: 5800 | D54: LVR | F54: 5800|SA
A55: Adelaide | B55: SA | C55: 5801 | D55: Post Office Boxes | E55: PO BAGS | F55: 5801|SA
A56: Adelaide | B56: SA | C56: 5810 | D56: LVR | F56: 5810|SA
A57: Adelaide | B57: SA | C57: 5839 | D57: LVR | F57: 5839|SA
A58: Adelaide Airport | B58: SA | C58: 5950 | D58: Delivery Area | F58: 5950|SA | G58: 1 | H58: 1 | I58: 7.2952 | J58: 7.2952 | K58: 1:100.0% | L58: MMM1 - Metropolitan area
A59: Adelaide Bc | B59: SA | C59: 5000 | D59: Delivery Area | E59: PO BOXES | F59: 5000|SA | G59: 1 | H59: 1 | I59: 10.4818 | J59: 10.4824 | K59: 1:100.0% | L59: MMM1 - Metropolitan area
A60: Adelaide Lead | B60: VIC | C60: 3465 | D60: Delivery Area | F60: 3465|VIC | G60: 5 | H60: 0.8529 | I60: 751.0357 | J60: 880.5183 | K60: 5:85.3%; 4:14.7% | L60: MMM5 - Small rural town
A61: Adelaide Park | B61: QLD | C61: 4703 | D61: Delivery Area | F61: 4703|QLD | G61: 5 | H61: 0.6837 | I61: 839.3064 | J61: 1227.6685 | K61: 5:68.4%; 3:31.6% | L61: MMM5 - Small rural town
A62: Adelaide River | B62: NT | C62: 846 | D62: Delivery Area | F62: 846|NT | G62: 6 | H62: 1 | I62: 146.7378 | J62: 146.7377 | K62: 6:100.0% | L62: MMM6 - Remote community
A63: Adelong | B63: NSW | C63: 2729 | D63: Delivery Area | F63: 2729|NSW | G63: 5 | H63: 1 | I63: 933.1203 | J63: 933.1202 | K63: 5:100.0% | L63: MMM5 - Small rural town
A64: Adjungbilly | B64: NSW | C64: 2727 | D64: Delivery Area | F64: 2727|NSW | G64: 5 | H64: 1 | I64: 772.9228 | J64: 772.9227 | K64: 5:100.0% | L64: MMM5 - Small rural town
A65: Advancetown | B65: QLD | C65: 4211 | D65: Delivery Area | F65: 4211|QLD | G65: 5 | H65: 0.552 | I65: 247.0018 | J65: 447.4603 | K65: 5:55.2%; 1:29.3%; 2:15.5% | L65: MMM5 - Small rural town
A66: Adventure Bay | B66: TAS | C66: 7150 | D66: Delivery Area | F66: 7150|TAS | G66: 6 | H66: 0.7051 | I66: 355.1328 | J66: 503.6592 | K66: 6:70.5%; 5:16.3%; 2:13.1% | L66: MMM6 - Remote community
A67: Aeroglen | B67: QLD | C67: 4870 | D67: Delivery Area | F67: 4870|QLD | G67: 5 | H67: 0.6416 | I67: 212.6429 | J67: 331.4112 | K67: 5:64.2%; 2:34.2%; 4:1.7% | L67: MMM5 - Small rural town
A68: Afterlee | B68: NSW | C68: 2474 | D68: Delivery Area | F68: 2474|NSW | G68: 5 | H68: 1 | I68: 1537.5941 | J68: 1537.5939 | K68: 5:100.0% | L68: MMM5 - Small rural town
A69: Agery | B69: SA | C69: 5558 | D69: Delivery Area | F69: 5558|SA | G69: 5 | H69: 1 | I69: 429.9849 | J69: 429.9849 | K69: 5:100.0% | L69: MMM5 - Small rural town
A70: Agnes | B70: VIC | C70: 3962 | D70: Delivery Area | F70: 3962|VIC | G70: 5 | H70: 1 | I70: 150.2389 | J70: 150.239 | K70: 5:100.0% | L70: MMM5 - Small rural town
A71: Agnes Banks | B71: NSW | C71: 2753 | D71: Delivery Area | F71: 2753|NSW | G71: 1 | H71: 0.6048 | I71: 102.4847 | J71: 169.4419 | K71: 1:60.5%; 2:29.4%; 5:10.1% | L71: MMM1 - Metropolitan area
... A93: Albany Creek | B93: QLD | C93: 4035 | D93: Delivery Area | F93: 4035|QLD | G93: 1 | H93: 1 | I93: 19.0537 | J93: 19.0536 | K93: 1:100.0% | L93: MMM1 - Metropolitan area
A94: Albany Dc | B94: WA | C94: 6331 | D94: Post Office Boxes | E94: PO BOXES & BAGS | F94: 6331|WA
A95: Albany Po | B95: WA | C95: 6332 | D95: Post Office Boxes | E95: PO BOXES | F95: 6332|WA
A96: Albert | B96: NSW | C96: 2873 | D96: Delivery Area | F96: 2873|NSW | G96: 6 | H96: 1 | I96: 3202.9936 | J96: 3202.9936 | K96: 6:100.0% | L96: MMM6 - Remote community
A97: Albert Park | B97: VIC | C97: 3206 | D97: Delivery Area | F97: 3206|VIC | G97: 1 | H97: 1 | I97: 3.6873 | J97: 3.6867 | K97: 1:100.0% | L97: MMM1 - Metropolitan area
A98: Albert Park | B98: SA | C98: 5014 | D98: Delivery Area | F98: 5014|SA | G98: 1 | H98: 1 | I98: 6.1187 | J98: 6.1186 | K98: 1:100.0% | L98: MMM1 - Metropolitan area
A99: Alberta | B99: QLD | C99: 4702 | D99: Delivery Area | F99: 4702|QLD | G99: 5 | H99: 0.4802 | I99: 22921.683 | J99: 47733.501 | K99: 5:48.0%; 6:45.9%; 7:4.0%; 2:2.0%; 3:0.1% | L99: MMM5 - Small rural town
A100: Alberton | B100: VIC | C100: 3971 | D100: Delivery Area | F100: 3971|VIC | G100: 5 | H100: 0.8874 | I100: 741.8299 | J100: 835.935 | K100: 5:88.7%; 6:11.3% | L100: MMM5 - Small rural town
A101: Alberton | B101: QLD | C101: 4207 | D101: Delivery Area | F101: 4207|QLD | G101: 1 | H101: 0.6541 | I101: 184.3505 | J101: 281.8511 | K101: 1:65.4%; 2:34.6% | L101: MMM1 - Metropolitan area
A102: Alberton | B102: SA | C102: 5014 | D102: Delivery Area | F102: 5014|SA | G102: 1 | H102: 1 | I102: 6.1187 | J102: 6.1186 | K102: 1:100.0% | L102: MMM1 - Metropolitan area
A103: Alberton | B103: TAS | C103: 7263 | D103: Delivery Area | F103: 7263|TAS | G103: 5 | H103: 1 | I103: 352.3636 | J103: 352.3637 | K103: 5:100.0% | L103: MMM5 - Small rural town
A104: Alberton West | B104: VIC | C104: 3971 | D104: Delivery Area | F104: 3971|VIC | G104: 5 | H104: 0.8874 | I104: 741.8299 | J104: 835.935 | K104: 5:88.7%; 6:11.3% | L104: MMM5 - Small rural town
A105: Albinia | B105: QLD | C105: 4722 | D105: Delivery Area | F105: 4722|QLD | G105: 7 | H105: 0.6011 | I105: 6776.457 | J105: 11273.048 | K105: 7:60.1%; 6:39.9% | L105: MMM7 - Very remote community
A106: Albion | B106: VIC | C106: 3020 | D106: Delivery Area | F106: 3020|VIC | G106: 1 | H106: 1 | I106: 25.1057 | J106: 25.1062 | K106: 1:100.0% | L106: MMM1 - Metropolitan area
A107: Albion | B107: QLD | C107: 4010 | D107: Delivery Area | E107: BRISBANE CITY COUNCIL | F107: 4010|QLD | G107: 1 | H107: 1 | I107: 1.315 | J107: 1.3148 | K107: 1:100.0% | L107: MMM1 - Metropolitan area
A108: Albion | B108: QLD | C108: 4822 | D108: Delivery Area | E108: RICHMOND SHIRE COUNCIL | F108: 4822|QLD | G108: 7 | H108: 1 | I108: 32122.554 | J108: 32122.554 | K108: 7:100.0% | L108: MMM7 - Very remote community
A109: Albion Bc | B109: QLD | C109: 4010 | D109: Delivery Area | F109: 4010|QLD | G109: 1 | H109: 1 | I109: 1.315 | J109: 1.3148 | K109: 1:100.0% | L109: MMM1 - Metropolitan area
A110: Albion Dc | B110: QLD | C110: 4010 | D110: Delivery Area | E110: PO BOXES & LOCKED BAGS | F110: 4010|QLD | G110: 1 | H110: 1 | I110: 1.315 | J110: 1.3148 | K110: 1:100.0% | L110: MMM1 - Metropolitan area
A111: Albion Park | B111: NSW | C111: 2527 | D111: Delivery Area | F111: 2527|NSW | G111: 2 | H111: 0.7766 | I111: 74.6079 | J111: 96.0646 | K111: 2:77.7%; 1:17.2%; 5:5.1% | L111: MMM2 - Regional centre
A112: Albion Park Rail | B112: NSW | C112: 2527 | D112: Delivery Area | F112: 2527|NSW | G112: 2 | H112: 0.7766 | I112: 74.6079 | J112: 96.0646 | K112: 2:77.7%; 1:17.2%; 5:5.1% | L112: MMM2 - Regional centre
A113: Albury | B113: NSW | C113: 2640 | D113: Delivery Area | F113: 2640|NSW | G113: 5 | H113: 0.5459 | I113: 561.9442 | J113: 1029.4042 | K113: 5:54.6%; 2:45.4% | L113: MMM5 - Small rural town
A114: Alcomie | B114: TAS | C114: 7330 | D114: Delivery Area | F114: 7330|TAS | G114: 6 | H114: 0.5763 | I114: 1323.2544 | J114: 2296.0888 | K114: 6:57.6%; 5:42.4% | L114: MMM6 - Remote community
A115: Aldavilla | B115: NSW | C115: 2440 | D115: Delivery Area | F115: 2440|NSW | G115: 5 | H115: 0.927 | I115: 3340.9692 | J115: 3604.2396 | K115: 5:92.7%; 4:7.3% | L115: MMM5 - Small rural town
A116: Alderley | B116: QLD | C116: 4051 | D116: Delivery Area | F116: 4051|QLD | G116: 1 | H116: 1 | I116: 16.9415 | J116: 16.941 | K116: 1:100.0% | L116: MMM1 - Metropolitan area
A117: Aldershot | B117: QLD | C117: 4650 | D117: Delivery Area | F117: 4650|QLD | G117: 5 | H117: 0.7605 | I117: 2012.1265 | J117: 2645.9161 | K117: 5:76.0%; 3:17.4%; 2:6.5% | L117: MMM5 - Small rural town
A118: Aldersyde | B118: WA | C118: 6306 | D118: Delivery Area | F118: 6306|WA | G118: 5 | H118: 0.7945 | I118: 1601.153 | J118: 2015.1931 | K118: 5:79.5%; 6:20.5% | L118: MMM5 - Small rural town
A119: Aldgate | B119: SA | C119: 5154 | D119: Delivery Area | F119: 5154|SA | G119: 1 | H119: 1 | I119: 8.4055 | J119: 8.4056 | K119: 1:100.0% | L119: MMM1 - Metropolitan area
A120: Aldinga | B120: SA | C120: 5173 | D120: Delivery Area | F120: 5173|SA | G120: 1 | H120: 1 | I120: 29.1292 | J120: 29.1294 | K120: 1:100.0% | L120: MMM1 - Metropolitan area
A121: Aldinga Beach | B121: SA | C121: 5173 | D121: Delivery Area | F121: 5173|SA | G121: 1 | H121: 1 | I121: 29.1292 | J121: 29.1294 | K121: 1:100.0% | L121: MMM1 - Metropolitan area
A122: Aldoga | B122: QLD | C122: 4694 | D122: Delivery Area | F122: 4694|QLD | G122: 5 | H122: 0.9782 | I122: 271.6085 | J122: 277.6657 | K122: 5:97.8%; 3:2.2% | L122: MMM5 - Small rural town
... A129: Alexandra Hills | B129: QLD | C129: 4161 | D129: Delivery Area | F129: 4161|QLD | G129: 1 | H129: 1 | I129: 13.6897 | J129: 13.6902 | K129: 1:100.0% | L129: MMM1 - Metropolitan area
A130: Alexandria | B130: NSW | C130: 1435 | D130: Post Office Boxes | E130: PO BOXES & LOCKED BAGS | F130: 1435|NSW
A131: Alexandria | B131: NSW | C131: 2015 | D131: Delivery Area | F131: 2015|NSW | G131: 1 | H131: 1 | I131: 4.2154 | J131: 4.2157 | K131: 1:100.0% | L131: MMM1 - Metropolitan area
A132: Alford | B132: SA | C132: 5555 | D132: Delivery Area | F132: 5555|SA | G132: 5 | H132: 1 | I132: 605.9657 | J132: 605.9659 | K132: 5:100.0% | L132: MMM5 - Small rural town
A133: Alfords Point | B133: NSW | C133: 2234 | D133: Delivery Area | F133: 2234|NSW | G133: 1 | H133: 1 | I133: 39.725 | J133: 39.7248 | K133: 1:100.0% | L133: MMM1 - Metropolitan area
A134: Alfred Cove | B134: WA | C134: 6154 | D134: Delivery Area | F134: 6154|WA | G134: 1 | H134: 1 | I134: 5.5329 | J134: 5.533 | K134: 1:100.0% | L134: MMM1 - Metropolitan area
A135: Alfredton | B135: VIC | C135: 3350 | D135: Delivery Area | F135: 3350|VIC | G135: 2 | H135: 1 | I135: 86.7262 | J135: 86.7261 | K135: 2:100.0% | L135: MMM2 - Regional centre
...

Sheet Shipping_Zones
A1: Zone | B1: ZoneName | C1: MMM_Included | D1: DefaultSurchargePct | E1: DefaultExtraDays | F1: Notes
A2: 1 | B2: Metro | C2: MMM1 | D2: 0 | E2: 0 | F2: Metropolitan delivery areas. Typically fastest + cheapest.
A3: 2 | B3: Regional | C3: MMM2–MMM3 | D3: 0 | E3: 1 | F3: Regional centres / large rural towns. May add a day.
A4: 3 | B4: Rural | C4: MMM4–MMM5 | D4: 0 | E4: 2 | F4: Medium/small rural towns. Allow extra transit time.
A5: 4 | B5: Remote | C5: MMM6–MMM7 | D5: 0 | E5: 4 | F5: Remote/very remote. Expect longer transit + potential surcharges.
A7: MMM_Code | B7: Zone
A8: 1 | B8: 1
A9: 2 | B9: 2
A10: 3 | B10: 2
A11: 4 | B11: 3
A12: 5 | B12: 3
A13: 6 | B13: 4
A14: 7 | B14: 4

Sheet State_Ranges
A1: State/Territory | B1: Postcode ranges (per booklet)
A2: New South Wales | B2: 1000–2599, 2620–2899, 2921–2999
A3: Victoria | B3: 3000–3999, 8000–8999
A4: Queensland | B4: 4000–4999, 9000–9999
A5: South Australia | B5: 5000–5999
A6: Western Australia | B6: 6000–6999
A7: Tasmania | B7: 7000–7999
A8: Australian Capital Territory | B8: 0200–0299, 2600–2619, 2900–2920
A9: Northern Territory | B9: 0800–0999

Sheet MMM_2023_Lookup
A1: MMM_2023 | B1: Label
A2: 1 | B2: MMM1 - Metropolitan area
A3: 2 | B3: MMM2 - Regional centre
A4: 3 | B4: MMM3 - Large rural town
A5: 4 | B5: MMM4 - Medium rural town
A6: 5 | B6: MMM5 - Small rural town
A7: 6 | B7: MMM6 - Remote community
A8: 7 | B8: MMM7 - Very remote community

Sheet RA_Lookup
A1: RA_Code | B1: RA_Label | C1: MMM_Equivalent | D1: Description
A2: 1 | B2: RA1 - Major cities of Australia | C2: MMM1 | D2: Areas with relatively unrestricted access to a wide range of goods, services and opportunities for social interaction.
A3: 2 | B3: RA2 - Inner regional Australia | C3: MMM2, MMM3 | D3: Areas with some restrictions to accessibility of some goods, services and opportunities for social interaction.
A4: 3 | B4: RA3 - Outer regional Australia | C4: MMM4, MMM5 | D4: Areas with significantly restricted accessibility of goods, services and opportunities for social interaction.
A5: 4 | B5: RA4 - Remote Australia | C5: MMM6 | D5: Areas with very restricted accessibility of goods, services and opportunities for social interaction.
A6: 5 | B6: RA5 - Very remote Australia | C6: MMM7 | D6: Areas with very little accessibility of goods, services and opportunities for social interaction.
A8: Note | B8: RA values in Postcode_Summary are APPROXIMATE, derived from MMM via the standard relationship. For exact RA classifications, use the ABS SA1→RA allocation file joined via POA 2021 mesh block concordance. See Data_Sourcing_Guide for download instructions.

Sheet PHN_Lookup
A1: PHN_Code | B1: PHN_Name | C1: State | D1: Organisation_Name | E1: Coverage_Notes
A2: PHN101 | B2: Central and Eastern Sydney | C2: NSW | D2: Central and Eastern Sydney PHN | E2: Inner city Sydney, eastern suburbs, inner west
A3: PHN102 | B3: Northern Sydney | C3: NSW | D3: Sydney North Health Network | E3: Northern beaches, north shore, Hornsby, Ku-ring-gai
A4: PHN103 | B4: Western Sydney | C4: NSW | D4: WentWest | E4: Parramatta, Blacktown, Hills, Auburn
A5: PHN104 | B5: Nepean Blue Mountains | C5: NSW | D5: Nepean Blue Mountains PHN | E5: Penrith, Blue Mountains, Hawkesbury, Lithgow
A6: PHN105 | B6: South Western Sydney | C6: NSW | D6: South Western Sydney PHN | E6: Liverpool, Campbelltown, Camden, Bankstown
A7: PHN106 | B7: South Eastern NSW | C7: NSW | D7: Coordinare | E7: Illawarra, Shoalhaven, Southern Highlands, far south coast, Queanbeyan
A8: PHN107 | B8: Western NSW | C8: NSW | D8: Western NSW PHN | E8: Dubbo, Orange, Bathurst, Broken Hill, far west
A9: PHN108 | B9: Hunter New England Central Coast | C9: NSW | D9: Hunter New England Central Coast PHN | E9: Newcastle, Hunter Valley, Tamworth, Central Coast
A10: PHN109 | B10: North Coast | C10: NSW | D10: North Coast PHN | E10: Mid north coast, northern rivers, Lismore, Coffs Harbour
A11: PHN801 | B11: ACT | C11: ACT | D11: Capital Health Network | E11: Australian Capital Territory
A12: PHN201 | B12: North Western Melbourne | C12: VIC | D12: North Western Melbourne PHN | E12: Melbourne CBD, northern suburbs, western suburbs
... A31: PHN701 | B31: Northern Territory | C31: NT | D31: Northern Territory PHN | E31: All of Northern Territory
A33: Note | B33: PHN codes follow the DoH standard (PHN1xx=NSW/ACT, PHN2xx=VIC, PHN3xx=QLD, PHN4xx=SA, PHN5xx=WA, PHN6xx=TAS, PHN7xx=NT). To map postcodes to PHNs, download the PHN (2017) – POA (2021) concordance from DoH. See Data_Sourcing_Guide sheet.

Sheet State_Health_Districts
A1: State | B1: District_Type | C1: District_Name | D1: District_Code | E1: Coverage_Notes
A2: NSW | B2: Local Health District | C2: (See NSW_LHD_Lookup sheet) | E2: 15 LHDs — already mapped to postcodes in Postcode_Summary cols T-U
A3: VIC | B3: Health Service Partnership | C3: North and West Metropolitan | E3: Northern, western Melbourne metro suburbs
A4: VIC | B4: Health Service Partnership | C4: South East Metropolitan | E4: South-eastern Melbourne, Mornington, Dandenong
A5: VIC | B5: Health Service Partnership | C5: Eastern Metropolitan | E5: Eastern Melbourne suburbs, Yarra Ranges
A6: VIC | B6: Health Service Partnership | C6: Barwon South West | E6: Geelong, Warrnambool, Colac, western VIC coast
A7: VIC | B7: Health Service Partnership | C7: Grampians | E7: Ballarat, Horsham, Ararat, western highlands
A8: VIC | B8: Health Service Partnership | C8: Loddon Mallee | E8: Bendigo, Mildura, Echuca, Castlemaine
A9: VIC | B9: Health Service Partnership | C9: Hume | E9: Shepparton, Wangaratta, Wodonga, Benalla
A10: VIC | B10: Health Service Partnership | C10: Gippsland | E10: Traralgon, Bairnsdale, Sale, Warragul
A11: QLD | B11: Hospital and Health Service | C11: Metro North | E11: North Brisbane, Caboolture, Redcliffe, Pine Rivers
A12: QLD | B12: Hospital and Health Service | C12: Metro South | E12: South Brisbane, Logan, Beaudesert
A13: QLD | B13: Hospital and Health Service | C13: Gold Coast | E13: Gold Coast, hinterland
... A46: ACT | B46: Health Directorate | C46: ACT Health | E46: Single territory-wide health system (Canberra Hospital, Calvary)

Sheet NSW_LHD_Lookup
A1: LHD_Code | B1: LHD_Name
A2: X700 | B2: Sydney LHD
A3: X710 | B3: South Western Sydney LHD
A4: X720 | B4: South Eastern Sydney LHD
A5: X730 | B5: Illawarra Shoalhaven LHD
A6: X740 | B6: Western Sydney LHD
A7: X750 | B7: Nepean Blue Mountains LHD
A8: X760 | B8: Northern Sydney LHD
A9: X770 | B9: Central Coast LHD
A10: X800 | B10: Hunter New England LHD
A11: X810 | B11: Northern NSW LHD
A12: X820 | B12: Mid North Coast LHD
... A16: X860 | B16: Far West LHD

Sheet POA_21_MMM_23
A1: Postcode | B1: POA_Area_km2 | C1: MMM_2023 | D1: MMM_Area_km2 | E1: MMM_Share
A2: 800 | B2: 3.1731 | C2: 2 | D2: 3.1738 | E2: 1.0002206
A3: 810 | B3: 24.4283 | C3: 2 | D3: 24.428587 | E3: 1.0000117
A4: 812 | B4: 35.8899 | C4: 2 | D4: 35.889749 | E4: 0.99999579
A5: 820 | B5: 39.0642 | C5: 2 | D5: 39.063954 | E5: 0.9999937
A6: 822 | B6: 150775.8 | C6: 2 | D6: 357.51778 | E6: 0.0023711881
A7: 822 | B7: 150775.8 | C7: 5 | D7: 1778.5506 | E7: 0.011795995
A8: 822 | B8: 150775.8 | C8: 6 | D8: 43449.403 | E8: 0.28817225
A9: 822 | B9: 150775.8 | C9: 7 | D9: 105190.33 | E9: 0.69766057
A10: 828 | B10: 28.6532 | C10: 2 | D10: 28.652963 | E10: 0.99999173
A11: 829 | B11: 44.8402 | C11: 2 | D11: 44.840367 | E11: 1.0000037
A12: 830 | B12: 235.004 | C12: 2 | D12: 29.286264 | E12: 0.12462028
A13: 830 | B13: 235.004 | C13: 5 | D13: 205.71701 | E13: 0.87537661
... A3421: 7470 | B3421: 108.2441 | C3421: 6 | D3421: 108.24439 | E3421: 1.0000027

Sheet Data_Sourcing_Guide
A1: Data Sourcing Guide
A2: External datasets needed for Tier 2 enrichment
A4: 1. PHN–Postcode Concordance
A5: Dataset | B5: Primary Health Networks (PHN) (2017) – concordance files – Postal Areas (2021)
A6: Publisher | B6: Department of Health and Aged Care
A7: URL | B7: https://www.health.gov.au/resources/publications/primary-health-networks-phn-2017-concordance-files-postal-areas-2021
A8: Direct download | B8: https://www.health.gov.au/sites/default/files/2025-04/primary-health-networks-phn-2017-concordance-files-postal-areas-2021.xlsx
A9: Format | B9: Excel (.xlsx), ~127 KB. Contains POA_CODE_2021, PHN_CODE, PHN_NAME, RATIO columns.
A10: How to join | B10: Join on POA_CODE_2021 = Postcode (as text, zero-padded). Use highest RATIO row per postcode as primary PHN. Add PHN_Primary and PHN_Name columns to Postcode_Summary after col AC.
A11: Size (approx) | B11: ~2,700 rows (one per POA × PHN intersection). Most postcodes map to exactly one PHN.
A13: 2. ABS Remoteness Area (exact)
A14: Dataset | B14: SA1 to Remoteness Area allocation file (ASGS Edition 3, 2021)
A15: Publisher | B15: Australian Bureau of Statistics
A16: URL | B16: https://www.abs.gov.au/statistics/standards/australian-statistical-geography-standard-asgs-edition-3/jul2021-jun2026/access-and-downloads/allocation-files
A17: How to derive POA→RA | B17: Download SA1_2021_AUST.xlsx (SA1→RA allocation) + MB_POA_2021_AUST.xlsx (Mesh Block→POA). Join MB→SA1→RA, aggregate by POA using area-weighted majority RA. Or use the approximate MMM→RA mapping already in this file (cols AA-AC) which is adequate for most planning purposes.
A18: Note | B18: The approximate RA in columns AA-AC (derived from MMM) is correct for ~95% of postcodes. The main discrepancy is that some MMM5 areas are actually RA2 (inner regional) rather than RA3 (outer regional), particularly in peri-urban zones around regional centres.
A20: 3. State Health District Mapping
A21: Current coverage | B21: NSW LHD mapping is complete (cols T-U, 813 NSW postcodes). Other states require separate spatial overlays or published concordances.
A22: VIC approach | B22: DHHS Victoria publishes LGA-to-health-service-partnership mappings. Join via ABS POA→LGA concordance file.
A23: QLD approach | B23: Queensland Health publishes HHS boundary shapefiles. Spatial overlay with POA 2021 boundaries (same method as NSW LHD).
A24: SA/WA/TAS/NT | B24: Each jurisdiction publishes health region boundaries. For SA LHNs and WA HSPs, LGA-based concordances are available. TAS and NT have only 2-3 regions each — can be manually assigned from postcode ranges.
A25: See also | B25: State_Health_Districts sheet in this workbook for reference list of all districts per state.
A27: 4. Combined SAL–POA–MMM File
A28: Dataset | B28: Suburbs and Localities (SAL) 2021 – Postal Areas (POA) 2021 – Modified Monash Model 2023
A29: Publisher | B29: data.gov.au (joint ABS / DoH)
A30: URL | B30: https://data.gov.au/data/dataset/suburbs-and-localities-sal-2021-postal-areas-poa-2021-modified-monash-model2023
A31: Notes | B31: Useful for validating the existing MMM data in this workbook and for suburb-level lookups.
A33: Version & Refresh Schedule
A34: Current data vintage | B34: AusPost PC001: Feb 2026 | MMM: 2023 (DoH) | Census/SEIFA: 2021 (ABS) | POA boundaries: 2021 (ASGS Ed 3)
A35: Next expected refresh | B35: ABS will release updated POA boundaries and Census data following the 2026 Census. MMM is typically updated 1-2 years post-Census. PHN boundaries were updated in 2023 (minor changes from 2017).
